date,cash,stock_value,receivable,equity,profit,return_,return,budget_return,target_hit,month
2026-01-30,2754.9999999999964,24795.0,0,27549.999999999996,2549.9999999999964,-0.040270326760955766,0.10199999999999987,0.10199999999999985,False,2026-01
2026-02-27,31484.999999999996,0.0,0,31484.999999999996,3935.0,0.0,0.14283121597096193,0.1574,False,2026-02
2026-03-31,3933.0,26175.0,0,30108.0,-1376.9999999999964,-0.02278481012658229,-0.04373511195807511,-0.05507999999999985,False,2026-03
2026-04-30,13751.0,25149.0,0,38900.0,8792.0,-0.013666675118537475,0.29201541118639573,0.35168,True,2026-04
2026-05-29,37831.0,868.0,0,38699.0,-201.0,0.0,-0.005167095115681253,-0.00804,False,2026-05
2026-06-30,10868.200000000004,24612.0,0,35480.200000000004,-3218.7999999999956,-0.012771569762265123,-0.08317527584692097,-0.12875199999999984,False,2026-06
2026-07-31,35161.20000000001,0.0,0,35161.20000000001,-318.9999999999927,0.0,-0.008990930152591892,-0.012759999999999709,False,2026-07
2026-08-31,35161.20000000001,0.0,0,35161.20000000001,0.0,0.0,0.0,0.0,False,2026-08
2026-09-24,15111.200000000012,24263.0,0,39374.20000000001,4213.0,-0.013207622828386056,0.11981957384844644,0.16852,False,2026-09
