date,regime,converged,failure,regime_prob_0,regime_prob_1,regime_prob_2,regime_prob_3
2015-01-31,1,True,,1.1583017291225083e-76,1.0,0.0,0.0
2015-02-28,1,True,,5.103884471057205e-80,1.0,0.0,0.0
2015-03-31,1,True,,3.216006422486153e-56,1.0,1.1915938994585897e-21,0.0
2015-04-30,2,True,,0.0,4.622119842458565e-37,1.0,1.6027155109253449e-143
2015-05-31,0,True,,1.0,0.0,0.0,0.0
2015-06-30,0,True,,1.0,0.0,0.0,0.0
2015-07-31,0,True,,1.0,0.0,0.0,0.0
2015-08-31,1,True,,0.0,1.0,0.0,0.0
2015-09-30,1,True,,0.0,1.0,6.760488359759439e-109,0.0
2015-10-31,0,True,,1.0,0.0,0.0,0.0
2015-11-30,2,True,,4.634008146656173e-49,0.0,1.0,0.0
2015-12-31,1,True,,0.0,0.9999999975163281,2.483672590206265e-09,0.0
2016-01-31,1,True,,0.0,1.0,0.0,0.0
2016-02-29,3,True,,0.0,9.294019598424927e-33,5.633755759356901e-99,1.0
2016-03-31,3,True,,0.0,2.324571411193954e-63,7.9770523598434875e-202,1.0
2016-04-30,1,True,,0.0,0.9906315040734616,2.9009792276136714e-22,0.009368495926549057
2016-05-31,0,True,,1.0,3.659596328948118e-57,2.7647587971829286e-160,0.0
2016-06-30,2,True,,0.0,6.649955824667574e-305,1.0,0.0
2016-07-31,0,True,,1.0,1.5384644227267816e-57,0.0,3.3455139825232574e-81
2016-08-31,2,True,,1.3236587421361313e-155,2.9987320915376914e-169,1.0,0.0
2016-09-30,0,True,,1.0,2.8034578857456233e-27,0.0,0.0
2016-10-31,0,True,,1.0,0.0,1.5756571747059211e-75,8.596483678344993e-56
2016-11-30,1,True,,3.1513810330005185e-262,1.0,0.0,8.66613831923321e-190
2016-12-31,3,True,,0.0,2.9427150352238653e-104,0.027558668560150743,0.972441331439849
2017-01-31,1,True,,5.549301822364299e-14,0.9999999999999432,0.0,6.184563033348858e-31
2017-02-28,2,True,,1.5539328009838052e-82,0.0,0.9999999999823856,1.7613955766637066e-11
2017-03-31,2,True,,6.190392649487019e-131,0.0,1.0,0.0
2017-04-30,2,True,,1.722033806045396e-160,0.0,1.0,0.0
2017-05-31,1,True,,0.0,1.0,0.0,0.0
2017-06-30,2,True,,0.0,1e-323,1.0,1.150765672752887e-110
2017-07-31,2,True,,5.32900520000908e-234,0.0,1.0,9.28020406670458e-115
2017-08-31,2,True,,0.0,4.810869610348648e-161,1.0,0.0
2017-09-30,2,True,,0.0,2.0503362656028206e-171,1.0,0.0
2017-10-31,2,True,,0.0,5.230749891661403e-73,1.0,1.4025279057974925e-37
2017-11-30,2,True,,0.0,1.0305211256016703e-101,1.0,0.0
2017-12-31,1,True,,0.0,1.0,0.0,1.0804073486519148e-65
2018-01-31,1,True,,5.844678383930554e-21,1.0,0.0,1.0895562651147155e-28
2018-02-28,1,True,,7.253813418448922e-42,1.0,0.0,0.0
2018-03-31,2,True,,0.0,7.588186531811475e-117,1.0,0.0
2018-04-30,2,True,,0.0,1.2404354199902678e-93,1.0,0.0
2018-05-31,1,True,,8.37155710651908e-67,1.0,0.0,0.0
2018-06-30,2,True,,0.0,2.51024631729213e-05,0.9999748975368338,0.0
2018-07-31,2,True,,0.0,2.820305272056038e-30,1.0,0.0
2018-08-31,1,True,,0.0,1.0,4.6344806784752743e-32,0.0
2018-09-30,0,True,,0.867834996739634,0.13216500326034542,0.0,0.0
2018-10-31,2,True,,1.7024043587257532e-08,0.0,0.9999999829759504,0.0
2018-11-30,1,True,,0.3351764845375875,0.6648235154624126,7.031975026800286e-19,0.0
2018-12-31,1,True,,1.2669207387382416e-124,1.0,2.27685609222902e-16,0.0
2019-01-31,0,True,,1.0,0.0,4.987089359646166e-77,0.0
2019-02-28,2,True,,0.0,0.0,1.0,0.0
2019-03-31,0,True,,1.0,1.7344063774057122e-65,0.0,0.0
2019-04-30,0,True,,0.9404138820779107,0.059586117922088684,0.0,0.0
2019-05-31,2,True,,0.0,7.2018569203046406e-37,1.0,0.0
2019-06-30,0,True,,1.0,0.0,0.0,3.2223648563204985e-57
2019-07-31,1,True,,2.786344497352757e-29,1.0,0.0,0.0
2019-08-31,3,True,,1.3951900939050174e-17,0.0,6.255262704961308e-240,1.0
2019-09-30,3,True,,0.0,1.5040436416135867e-26,1.6476791232093666e-125,1.0
2019-10-31,3,True,,2.0308272444139565e-08,2.189783934747162e-62,0.0,0.9999999796917296
2019-11-30,2,True,,0.0,2.4690691621099987e-11,0.9999999999753015,0.0
2019-12-31,3,True,,2.289270995999554e-09,0.0,5.323847102458887e-113,0.999999997710745
2020-01-31,2,True,,1.780081655123697e-94,0.0,1.0,0.0
2020-02-29,0,True,,0.9999999763538202,2.364618557753545e-08,0.0,0.0
2020-03-31,1,True,,0.0,1.0,0.0,0.0
2020-04-30,1,True,,0.0,1.0,0.0,0.0
2020-05-31,1,True,,0.0,1.0,0.0,0.0
2020-06-30,2,True,,0.0,4.007157438421029e-27,1.0,0.0
2020-07-31,1,True,,0.0,1.0,0.0,2.2644848149025116e-52
2020-08-31,2,True,,0.0,3.1899326458024155e-70,1.0,0.0
2020-09-30,3,True,,0.0,3.336028314655328e-59,0.0,1.0
2020-10-31,1,True,,1.583492204081732e-138,1.0,0.0,9.997055232448185e-42
2020-11-30,0,True,,1.0,7.270218000439674e-85,1.2376240354000577e-73,0.0
2020-12-31,3,True,,0.0,0.0,6.496975038252958e-07,0.9999993503024968
2021-01-31,3,True,,0.0,7.56635536844069e-14,0.0,0.999999999999929
2021-02-28,3,True,,9.58085978876421e-35,0.0,8.316123592626148e-83,1.0
2021-03-31,0,True,,1.0,1.1925426949128259e-39,0.0,5.765816817740283e-58
2021-04-30,1,True,,0.0,0.9999999792848302,2.071516959859166e-08,0.0
2021-05-31,2,True,,0.0,0.0,1.0,1.530232756953319e-165
2021-06-30,2,True,,0.0,0.0,1.0,2.170273522592302e-286
2021-07-31,0,True,,0.9999999655254902,3.447450447267653e-08,2.891721319946396e-241,0.0
2021-08-31,1,True,,4.9732583194072235e-81,1.0,2.285616971649774e-26,0.0
2021-09-30,0,True,,1.0,2.9126223353957043e-21,1.6595468483388226e-188,0.0
2021-10-31,0,True,,1.0,4.065302669734471e-34,0.0,0.0
2021-11-30,2,True,,0.0,4.9596935659841815e-31,1.0,2.62567826966456e-29
2021-12-31,2,True,,0.0,2.1054971614536207e-93,0.9999999301231408,6.987686206087292e-08
2022-01-31,0,True,,1.0,2.903590786278482e-35,1.2894219933728166e-38,0.0
2022-02-28,0,True,,0.9999300974123448,0.0,1.5432801582409047e-94,6.990258765264388e-05
2022-03-31,0,True,,1.0,4.420829282242974e-47,0.0,0.0
2022-04-30,1,True,,0.0,0.9999999999999147,8.888044100813777e-14,0.0
2022-05-31,1,True,,0.0,1.0,1.152424267107176e-28,0.0
2022-06-30,0,True,,0.9998011930316419,0.0,0.0,0.00019880696835178864
2022-07-31,0,True,,0.9999999896427738,0.0,1.035722868169867e-08,0.0
2022-08-31,3,True,,5.707004181876771e-50,9.894833436613426e-50,0.0,1.0
2022-09-30,3,True,,5.212063976648773e-49,4.2590297656994454e-154,0.0,1.0
2022-10-31,1,True,,3.136525947579207e-200,0.9708313737960221,0.0,0.029168626203977848
2022-11-30,2,True,,6.586089601202104e-17,2.6389455954150257e-13,0.9999999999997442,0.0
2022-12-31,2,True,,0.0,1.5791102032188584e-74,1.0,1.637418214946575e-157
2023-01-31,2,True,,2.4544945743661175e-37,0.0,1.0,0.0
2023-02-28,3,True,,7.14713746879261e-10,0.0,3.2989041527501964e-39,0.9999999992852793
2023-03-31,2,True,,1.1155611458687313e-28,0.0,1.0,0.0
2023-04-30,3,True,,0.0,1.5275873129699213e-48,0.0,1.0
2023-05-31,1,True,,3.003646866463911e-20,1.0,0.0,0.0
2023-06-30,2,True,,0.0,4.554024063343305e-06,0.9999954459759365,0.0
2023-07-31,2,True,,7.494126824813286e-26,0.0,1.0,4.291584250853096e-200
2023-08-31,1,True,,2.1124809382373716e-66,1.0,3.58557687445249e-44,0.0
2023-09-30,0,True,,0.9999999999835723,1.6434009659285323e-11,1.4869836327017208e-47,0.0
2023-10-31,0,True,,0.9999910297352862,0.0,8.970264714202456e-06,0.0
2023-11-30,2,True,,0.0,3.3306607074444844e-06,0.9999966693392937,0.0
2023-12-31,1,True,,9.303979321574336e-05,0.9999069602067863,0.0,1.9220247684639416e-164
2024-01-31,0,True,,0.9999999999731841,2.6817408884455846e-11,0.0,0.0
2024-02-29,2,True,,2.427511564964259e-48,5.556553822401138e-175,1.0,0.0
2024-03-31,0,True,,0.9999999747485905,2.525141595063857e-08,2.6494040866121577e-34,0.0
2024-04-30,3,True,,0.0,1.1473453253140813e-26,1.2741132526225256e-15,1.0
2024-05-31,1,True,,0.0,1.0,3.717297133517527e-35,6.165250842837671e-58
2024-06-30,1,True,,0.0,0.9999999999998579,1.3984807111407644e-13,1.7581965208499408e-48
2024-07-31,3,True,,0.0,0.0,2.873601602680302e-53,1.0
2024-08-31,2,True,,4.301204686784933e-08,0.0,0.9999999569879501,0.0
2024-09-30,2,True,,1.0785876705298052e-88,0.0,1.0,0.0
2024-10-31,2,True,,0.0,0.0,1.0,0.0
2024-11-30,2,True,,1.9079486246792636e-151,0.0,1.0,0.0
2024-12-31,0,True,,1.0,2.0376393184431546e-56,0.0,0.0
2025-01-31,0,True,,1.0,0.0,1.17476596693065e-222,0.0
2025-02-28,0,True,,1.0,0.0,2.307472875614011e-37,0.0
2025-03-31,3,True,,3.003876677402934e-28,8.593481494203021e-23,0.0,1.0
2025-04-30,1,True,,4.7413956345399134e-08,0.9999999525860528,0.0,0.0
2025-05-31,0,True,,1.0,3.168098829488974e-33,9.642559840399947e-274,0.0
2025-06-30,2,True,,2.9797069834124596e-22,0.0,1.0,0.0
2025-07-31,1,True,,0.0,1.0,1.6607759578157482e-223,0.0
2025-08-31,0,True,,1.0,0.0,0.0,0.0
2025-09-30,2,True,,7.64607006408166e-156,0.0,1.0,1.2638879666363092e-48
2025-10-31,2,True,,2.3843557978604697e-41,0.0,1.0,0.0
2025-11-30,1,True,,2.5047588190265633e-49,1.0,0.0,0.0
2025-12-31,1,True,,2.6974009002855524e-117,1.0,0.0,0.0
2026-01-31,2,True,,0.0,0.0,1.0,7.153839832357855e-20
2026-02-28,0,True,,1.0,0.0,1.4684939618597903e-21,0.0
2026-03-31,0,True,,1.0,0.0,0.0,0.0
2026-04-30,0,True,,0.9941148416128067,0.0,0.00588515838719084,0.0
2026-05-31,2,True,,0.0,5.130552629086027e-33,1.0,0.0
2026-06-30,0,True,,1.0,0.0,6.245674380357855e-207,0.0
2026-07-31,2,True,,2.2190792753299583e-107,3.852051137217137e-191,1.0,0.0
2026-08-31,2,True,,2.577739154717995e-26,0.0,1.0,0.0
