date,equity,cash,dividend_receivable,holdings,return,profit,budget_return_pct
2023-01-31,26443.0,16285.0,0,3,0.057719999999999994,1443.0,5.772
2023-02-28,26507.0,17641.0,0,1,0.0024203002685021513,64.0,0.256
2023-03-31,27507.0,2289.0,0,1,0.03772588372882635,1000.0,4.0
2023-04-28,36691.0,11491.0,0,1,0.3338786490711456,9184.0,36.736000000000004
2023-05-31,34506.0,8106.0,0,2,-0.05955138862391318,-2185.0,-8.74
2023-06-30,34534.0,9279.0,0,3,0.0008114530806235809,28.0,0.11199999999999999
2023-07-31,35538.700000000004,9727.700000000004,0,2,0.02909306770139586,1004.7000000000044,4.0188000000000175
2023-08-31,34807.700000000004,27282.700000000004,0,2,-0.020569126051318665,-731.0,-2.924
2023-09-28,33108.700000000004,24613.700000000004,0,3,-0.048811038936786955,-1699.0,-6.796
2023-10-31,32379.700000000004,8191.700000000004,0,2,-0.02201838187545868,-729.0,-2.916
2023-11-30,32153.700000000004,23604.700000000004,0,2,-0.006979681714160413,-226.0,-0.9039999999999999
2023-12-29,31713.700000000004,26397.700000000004,0,2,-0.013684272727555458,-440.0,-1.76
2024-01-31,31510.700000000004,25220.700000000004,0,1,-0.006401019117920681,-203.0,-0.812
2024-02-29,32060.700000000004,22780.700000000004,0,1,0.017454388509299923,550.0,2.1999999999999997
2024-03-29,32394.700000000004,24714.700000000004,0,1,0.010417738851615788,334.0,1.336
2024-04-30,32441.700000000004,23643.700000000004,0,3,0.0014508546151068558,47.0,0.188
2024-05-31,32160.700000000004,24016.700000000004,0,2,-0.008661691588295328,-281.0,-1.124
2024-06-28,30145.700000000004,27967.700000000004,0,2,-0.0626541088968835,-2015.0,-8.06
2024-07-31,29758.700000000004,22099.700000000004,0,1,-0.012837651804403327,-387.0,-1.548
2024-08-30,29630.700000000004,21001.700000000004,0,3,-0.00430126316001711,-128.0,-0.512
2024-09-30,30062.610000000004,21039.610000000004,0,2,0.01457643592625213,431.90999999999985,1.7276399999999994
2024-10-31,35925.61,3607.610000000004,0,2,0.19502631341723142,5862.999999999996,23.451999999999988
2024-11-29,31667.61,3872.6100000000006,0,2,-0.11852269175109342,-4258.0,-17.032
2024-12-31,36367.61,8726.61,0,3,0.14841663137824423,4700.0,18.8
2025-01-27,33258.61,10242.61,0,1,-0.0854881582815038,-3109.0,-12.436
2025-02-28,34127.61,24953.61,0,2,0.026128572420795804,869.0,3.476
2025-03-31,34073.61,29453.61,0,1,-0.0015822965628123908,-54.0,-0.216
2025-04-30,34654.61,25398.61,0,2,0.017051319188075453,581.0,2.324
2025-05-30,34062.61,34062.61,0,0,-0.017082864300016598,-592.0,-2.368
2025-06-30,33994.61,25477.61,0,1,-0.001996323828385438,-68.0,-0.272
2025-07-31,34175.61,25310.61,0,2,0.005324373481560674,181.0,0.724
2025-08-29,38228.61,9251.61,0,3,0.11859334771200869,4053.0,16.212
2025-09-30,47788.61,15830.61,0,2,0.2500744860982389,9560.0,38.24
2025-10-31,45339.61,19802.61,0,2,-0.05124652087599957,-2449.0,-9.796000000000001
2025-11-28,41976.61,40699.61,0,1,-0.07417355376457802,-3363.0,-13.452
2025-12-31,43410.61,19199.61,0,2,0.03416188205765058,1434.0,5.736
2026-01-30,47516.61,18747.61,0,2,0.0945851716895938,4106.0,16.424
2026-02-27,49316.61,22190.61,0,3,0.037881490283081964,1800.0,7.199999999999999
2026-03-31,48198.61,42184.61,0,1,-0.022669846933923488,-1118.0,-4.472
2026-04-30,46644.61,20715.61,0,4,-0.03224159368911261,-1554.0,-6.216
2026-05-29,44422.61,44422.61,0,0,-0.047636800907971955,-2222.0,-8.888
2026-06-30,61146.61,19812.61,0,2,0.3764749527324036,16724.0,66.896
2026-07-31,59515.61,50576.61,0,3,-0.026673596459394933,-1631.0,-6.524000000000001
2026-08-31,61225.61,51405.61,0,3,0.02873195788466254,1710.0,6.84
2026-09-24,60852.61,52500.61,0,2,-0.006092221865980574,-373.0,-1.492
