date,code,shares,signal_date,mom1,mom3,mom6
2023-02-01,601728.SH,1700,2023-01-31,0.19331742243436745,0.2722646310432568,0.3902274355393154
2023-02-01,600790.SH,100,2023-01-31,0.010752688172043001,0.18387909319899243,0.35057471264367823
2023-02-01,600350.SH,200,2023-01-31,0.0440147824515873,0.08008074766355144,0.13367254048655197
2023-03-01,600790.SH,100,2023-02-28,0.03404255319148941,0.14352941176470613,0.3425414364640884
2023-03-01,600350.SH,200,2023-02-28,0.01002549417621168,0.04529616724738661,0.15163147792706333
2023-04-03,600350.SH,200,2023-03-31,0.020000000000000018,0.07557117750439346,0.1270718232044199
2023-04-03,000729.SZ,1700,2023-03-31,0.03854707190511486,0.3192090395480227,0.5016077170418005
2023-05-04,600350.SH,200,2023-04-28,0.1797385620915033,0.2153973446587083,0.31272727272727274
2023-07-03,002229.SZ,500,2023-06-30,0.016222479721900385,1.240102171136654,4.275187969924812
2023-07-03,601333.SH,100,2023-06-30,0.16129032258064502,0.6431535269709541,0.7444933920704844
2024-01-02,603615.SH,100,2023-12-29,0.21348314606741559,1.0377358490566033,0.9671135846192762
2024-03-01,003816.SZ,200,2024-02-29,0.010471204188481797,0.2739273927392738,0.22929936305732457
2024-03-01,600795.SH,100,2024-02-29,0.046979865771812124,0.18481012658227836,0.35243561802143963
2024-04-01,003816.SZ,200,2024-03-29,0.04663212435233177,0.29903536977491973,0.286624203821656
2024-04-01,600795.SH,100,2024-03-29,0.079059829059829,0.2139423076923077,0.3919429084935333
2024-04-01,002085.SZ,100,2024-03-29,1.360335195530726,2.421052631578947,2.152985074626865
2024-05-06,003816.SZ,200,2024-04-30,0.017326732673267342,0.07591623036649242,0.38383838383838387
2024-05-06,600795.SH,100,2024-04-30,0.015841584158415634,0.1476510067114094,0.4093406593406592
2024-06-03,003816.SZ,200,2024-05-31,0.019464720194647178,0.08549222797927492,0.38283828382838303
2024-06-03,600795.SH,100,2024-05-31,0.04678511033251653,0.1474375247875661,0.35949559898881245
2024-07-01,003816.SZ,200,2024-06-28,0.1050119331742243,0.14603960396039617,0.4887459807073957
2024-07-01,600795.SH,100,2024-06-28,0.11545228337563174,0.18613609049865598,0.43990078293707047
2024-08-01,003816.SZ,200,2024-07-31,0.029136242827115355,0.15934326138431731,0.24735623148940955
2024-09-02,003816.SZ,200,2024-08-30,0.02136752136752129,0.16150714177549408,0.2608069751397204
2024-10-08,003001.SZ,100,2024-09-30,0.2769975786924941,0.5412545323391698,0.9313320430693743
2024-10-08,002488.SZ,100,2024-09-30,0.24068767908309452,0.9767308487097421,0.6624230700834806
2024-11-01,003001.SZ,100,2024-10-31,0.4770572620401974,1.4267912772585674,1.7372268157616935
2025-02-05,002265.SZ,200,2025-01-27,0.280618822518264,1.620932277924363,2.2711306256860597
2025-08-01,002836.SZ,500,2025-07-31,0.018046709129511562,0.15213048484785197,0.26129521708695735
2025-09-01,600105.SH,100,2025-08-29,0.22983425414364622,0.3555883821751311,1.0812565124101456
2025-09-01,600010.SH,200,2025-08-29,0.037174721189590976,0.603448275862069,0.5414364640883977
2025-10-09,600105.SH,100,2025-09-30,0.1419586702605573,0.5710754017305317,0.9462243510320576
2025-10-09,002558.SZ,400,2025-09-30,0.4345371916193024,0.9248991615783422,2.252174903876717
2026-01-05,000893.SZ,300,2025-12-31,0.08652321630804072,0.22466173091651753,0.5915726609157264
2026-02-02,600370.SH,200,2026-01-30,0.12831858407079655,0.13333333333333308,0.3281249999999998
2026-02-02,605016.SH,100,2026-01-30,0.16805555555555562,0.2503101293941643,0.26391503410926864
2026-03-02,603077.SH,100,2026-02-27,0.15810276679841917,0.3378995433789955,0.5340314136125655
2026-06-01,603256.SH,100,2026-05-29,0.6973131821998322,1.533525504449179,5.291627762215997
2026-07-01,603256.SH,100,2026-06-30,0.3130450160771703,2.7891798715203424,6.210867970660146
2026-07-01,603618.SH,100,2026-06-30,0.16787637555607593,0.750789750789751,5.188585607940446
2026-09-01,600664.SH,1100,2026-08-31,0.5483870967741935,1.706231454005934,1.58356940509915
2026-09-01,600162.SH,300,2026-08-31,0.562893081761006,0.7813620071684588,1.6020942408376961
