date,equity,cash
2023-01-03,25315.0,16285.0
2023-01-04,25374.0,16285.0
2023-01-05,25333.0,16285.0
2023-01-06,25218.0,16285.0
2023-01-09,25291.0,16285.0
2023-01-10,25217.0,16285.0
2023-01-11,25285.0,16285.0
2023-01-12,25361.0,16285.0
2023-01-13,25436.0,16285.0
2023-01-16,25273.0,16285.0
2023-01-17,25191.0,16285.0
2023-01-18,25347.0,16285.0
2023-01-19,25392.0,16285.0
2023-01-20,26150.0,16285.0
2023-01-30,26405.0,16285.0
2023-01-31,26443.0,16285.0
2023-02-01,26416.0,17641.0
2023-02-02,26507.0,17641.0
2023-02-03,26481.0,17641.0
2023-02-06,26598.0,17641.0
2023-02-07,26559.0,17641.0
2023-02-08,26481.0,17641.0
2023-02-09,26559.0,17641.0
2023-02-10,26637.0,17641.0
2023-02-13,26689.0,17641.0
2023-02-14,26793.0,17641.0
2023-02-15,26390.0,17641.0
2023-02-16,26299.0,17641.0
2023-02-17,26403.0,17641.0
2023-02-20,26377.0,17641.0
2023-02-21,26624.0,17641.0
2023-02-22,26520.0,17641.0
2023-02-23,26364.0,17641.0
2023-02-24,26377.0,17641.0
2023-02-27,26468.0,17641.0
2023-02-28,26507.0,17641.0
2023-03-01,26456.0,1606.9999999999998
2023-03-02,27635.0,1606.9999999999998
2023-03-03,26451.0,1606.9999999999998
2023-03-06,26437.0,1606.9999999999998
2023-03-07,25883.0,1606.9999999999998
2023-03-08,25871.0,1606.9999999999998
2023-03-09,25910.0,1606.9999999999998
2023-03-10,25139.0,1606.9999999999998
2023-03-13,25907.0,1606.9999999999998
2023-03-14,25708.0,1606.9999999999998
2023-03-15,25250.0,1606.9999999999998
2023-03-16,25010.0,1606.9999999999998
2023-03-17,24637.0,1606.9999999999998
2023-03-20,24528.0,1606.9999999999998
2023-03-21,25628.0,3409.0
2023-03-22,25594.0,3409.0
2023-03-23,25849.0,3409.0
2023-03-24,26053.0,3409.0
2023-03-27,25815.0,3409.0
2023-03-28,26223.0,3409.0
2023-03-29,26529.0,3409.0
2023-03-30,27532.0,3409.0
2023-03-31,27226.0,3409.0
2023-04-03,29442.0,2098.0
2023-04-04,30958.0,2098.0
2023-04-06,29518.0,2098.0
2023-04-07,31136.0,2098.0
2023-04-10,29990.0,2098.0
2023-04-11,30164.0,2098.0
2023-04-12,31448.0,2098.0
2023-04-13,29758.0,2098.0
2023-04-14,28828.0,2098.0
2023-04-17,28648.0,2098.0
2023-04-18,30314.0,11218.0
2023-04-19,32222.0,11218.0
2023-04-20,34322.0,11218.0
2023-04-21,34378.0,11218.0
2023-04-24,35298.0,11218.0
2023-04-25,35078.0,11218.0
2023-04-26,36982.0,11218.0
2023-04-27,34406.0,11218.0
2023-04-28,36418.0,11218.0
2023-05-04,36353.0,11021.0
2023-05-05,38687.0,11021.0
2023-05-08,38875.0,11021.0
2023-05-09,36729.0,11021.0
2023-05-10,36581.0,11021.0
2023-05-11,35499.0,11021.0
2023-05-12,36060.0,11021.0
2023-05-15,34855.0,13790.0
2023-05-16,33040.0,13790.0
2023-05-17,33139.0,33139.0
2023-05-18,33139.0,33139.0
2023-05-19,33139.0,33139.0
2023-05-22,33139.0,33139.0
2023-05-23,33139.0,33139.0
2023-05-24,33139.0,33139.0
2023-05-25,33139.0,33139.0
2023-05-26,33139.0,33139.0
2023-05-29,33139.0,33139.0
2023-05-30,33139.0,33139.0
2023-05-31,33139.0,33139.0
2023-06-01,33211.0,8172.0
2023-06-02,32514.0,8172.0
2023-06-05,34924.0,8172.0
2023-06-06,34137.0,8172.0
2023-06-07,35830.0,8172.0
2023-06-08,35537.0,8172.0
2023-06-09,34751.0,8172.0
2023-06-12,35651.0,8172.0
2023-06-13,34814.0,8172.0
2023-06-14,33084.0,8172.0
2023-06-15,33168.0,8172.0
2023-06-16,33134.0,8172.0
2023-06-19,32799.0,8172.0
2023-06-20,33122.0,8172.0
2023-06-21,34236.0,8172.0
2023-06-26,33910.0,8172.0
2023-06-27,35761.0,8172.0
2023-06-28,35569.0,8172.0
2023-06-29,33986.0,8172.0
2023-06-30,33184.0,8172.0
2023-07-03,31517.0,7519.0
2023-07-04,31851.0,8750.0
2023-07-05,29992.0,8750.0
2023-07-06,29631.0,24746.0
2023-07-07,29515.0,24746.0
2023-07-10,29379.0,24746.0
2023-07-11,29379.0,28014.0
2023-07-12,29264.0,28014.0
2023-07-13,29204.0,29204.0
2023-07-14,29204.0,29204.0
2023-07-17,29204.0,29204.0
2023-07-18,29204.0,29204.0
2023-07-19,29204.0,29204.0
2023-07-20,29204.0,29204.0
2023-07-21,29204.0,29204.0
2023-07-24,29204.0,29204.0
2023-07-25,29204.0,29204.0
2023-07-26,29204.0,29204.0
2023-07-27,29204.0,29204.0
2023-07-28,29204.0,29204.0
2023-07-31,29204.0,29204.0
2023-08-01,29041.0,20477.0
2023-08-02,28930.0,20477.0
2023-08-03,28929.0,20477.0
2023-08-04,28925.0,20477.0
2023-08-07,28816.0,20477.0
2023-08-08,28839.0,20477.0
2023-08-09,28766.0,20477.0
2023-08-10,28815.0,20477.0
2023-08-11,28760.0,20477.0
2023-08-14,28681.0,20477.0
2023-08-15,28673.0,20477.0
2023-08-16,28581.0,20477.0
2023-08-17,28676.0,20477.0
2023-08-18,28589.0,20477.0
2023-08-21,28594.0,20477.0
2023-08-22,28482.0,20477.0
2023-08-23,28477.0,27920.0
2023-08-24,28451.0,27920.0
2023-08-25,28470.0,27920.0
2023-08-28,28478.0,27920.0
2023-08-29,28467.0,27920.0
2023-08-30,28454.0,27920.0
2023-08-31,28445.0,27920.0
2023-09-01,28423.0,19755.0
2023-09-04,27909.0,19755.0
2023-09-05,27755.0,19755.0
2023-09-06,27730.0,27444.0
2023-09-07,27726.0,27444.0
2023-09-08,27726.0,27444.0
2023-09-11,27729.0,27444.0
2023-09-12,27730.0,27444.0
2023-09-13,27729.0,27444.0
2023-09-14,27731.0,27444.0
2023-09-15,27732.0,27444.0
2023-09-18,27730.0,27444.0
2023-09-19,27731.0,27444.0
2023-09-20,27730.0,27444.0
2023-09-21,27729.0,27444.0
2023-09-22,27729.0,27444.0
2023-09-25,27728.0,27444.0
2023-09-26,27727.0,27444.0
2023-09-27,27727.0,27444.0
2023-09-28,27728.0,27444.0
2023-10-09,27955.0,2846.0
2023-10-10,28082.0,2846.0
2023-10-11,27660.0,2846.0
2023-10-12,27378.0,2846.0
2023-10-13,27471.0,2846.0
2023-10-16,27925.0,2846.0
2023-10-17,28276.0,2846.0
2023-10-18,27473.0,2846.0
2023-10-19,27374.0,2846.0
2023-10-20,27084.0,2846.0
2023-10-23,26829.0,2846.0
2023-10-24,27471.0,2846.0
2023-10-25,26837.0,2846.0
2023-10-26,27480.0,2846.0
2023-10-27,27991.0,2846.0
2023-10-30,27610.0,2846.0
2023-10-31,27034.0,2846.0
2023-11-01,27019.0,18259.0
2023-11-02,26978.0,18259.0
2023-11-03,26898.0,18259.0
2023-11-06,26758.0,18259.0
2023-11-07,26756.0,18259.0
2023-11-08,26749.0,18259.0
2023-11-09,26728.0,18259.0
2023-11-10,26744.0,18259.0
2023-11-13,26805.0,18259.0
2023-11-14,26849.0,18259.0
2023-11-15,26876.0,18259.0
2023-11-16,26866.0,18259.0
2023-11-17,26781.0,18259.0
2023-11-20,26827.0,18259.0
2023-11-21,26824.0,18259.0
2023-11-22,26783.0,18259.0
2023-11-23,26842.0,18259.0
2023-11-24,26910.0,18259.0
2023-11-27,26873.0,18259.0
2023-11-28,26893.0,18259.0
2023-11-29,26826.0,18259.0
2023-11-30,26808.0,18259.0
2023-12-01,26810.0,18184.0
2023-12-04,26900.0,18184.0
2023-12-05,26750.0,18184.0
2023-12-06,26950.0,18184.0
2023-12-07,26789.0,18184.0
2023-12-08,26381.0,18184.0
2023-12-11,26410.0,18184.0
2023-12-12,26489.0,18184.0
2023-12-13,26541.0,18184.0
2023-12-14,26617.0,18184.0
2023-12-15,26715.0,18184.0
2023-12-18,26566.0,18184.0
2023-12-19,26573.0,18184.0
2023-12-20,26500.0,18184.0
2023-12-21,26805.0,18184.0
2023-12-22,26678.0,18184.0
2023-12-25,26414.0,18184.0
2023-12-26,26222.0,18184.0
2023-12-27,26330.0,18392.0
2023-12-28,26168.0,18392.0
2023-12-29,26555.0,18392.0
2024-01-02,26559.0,17809.0
2024-01-03,26562.0,17809.0
2024-01-04,26574.0,17809.0
2024-01-05,26572.0,17809.0
2024-01-08,26553.0,17809.0
2024-01-09,26555.0,17809.0
2024-01-10,26553.0,17809.0
2024-01-11,26552.0,17809.0
2024-01-12,26553.0,17809.0
2024-01-15,26538.0,17809.0
2024-01-16,27480.0,18641.0
2024-01-17,27367.0,18641.0
2024-01-18,27191.0,18641.0
2024-01-19,27093.0,18641.0
2024-01-22,26670.0,18641.0
2024-01-23,26668.0,26121.0
2024-01-24,26680.0,26121.0
2024-01-25,26700.0,26121.0
2024-01-26,26709.0,26121.0
2024-01-29,26709.0,26121.0
2024-01-30,26702.0,26121.0
2024-01-31,26699.0,26121.0
2024-02-01,26708.0,17968.0
2024-02-02,26838.0,17968.0
2024-02-05,26848.0,17968.0
2024-02-06,26988.0,17968.0
2024-02-07,26938.0,17968.0
2024-02-08,26838.0,17968.0
2024-02-19,27188.0,17968.0
2024-02-20,27328.0,17968.0
2024-02-21,27188.0,17968.0
2024-02-22,27368.0,17968.0
2024-02-23,27538.0,17968.0
2024-02-26,27318.0,17968.0
2024-02-27,27288.0,17968.0
2024-02-28,27308.0,17968.0
2024-02-29,27248.0,17968.0
2024-03-01,27230.0,18494.0
2024-03-04,27284.0,18494.0
2024-03-05,27266.0,18494.0
2024-03-06,27452.0,18494.0
2024-03-07,27382.0,18494.0
2024-03-08,27416.0,18494.0
2024-03-11,27462.0,18494.0
2024-03-12,27738.0,18494.0
2024-03-13,27396.0,18494.0
2024-03-14,27524.0,18494.0
2024-03-15,27668.0,18494.0
2024-03-18,27582.0,18494.0
2024-03-19,27460.0,18494.0
2024-03-20,27496.0,18494.0
2024-03-21,27466.0,18494.0
2024-03-22,27372.0,18494.0
2024-03-25,27178.0,18494.0
2024-03-26,27206.0,19902.0
2024-03-27,27166.0,19902.0
2024-03-28,27414.0,19902.0
2024-03-29,27582.0,19902.0
2024-04-01,27423.0,18831.0
2024-04-02,27551.0,18831.0
2024-04-03,27737.0,18831.0
2024-04-08,27787.0,18831.0
2024-04-09,27633.0,18831.0
2024-04-10,27665.0,18831.0
2024-04-11,27610.0,18831.0
2024-04-12,27733.0,18831.0
2024-04-15,27829.0,18831.0
2024-04-16,27652.0,18831.0
2024-04-17,27980.0,18831.0
2024-04-18,27968.0,18831.0
2024-04-19,27913.0,18831.0
2024-04-22,27781.0,18831.0
2024-04-23,27542.0,18831.0
2024-04-24,27648.0,18831.0
2024-04-25,27457.0,18831.0
2024-04-26,27545.0,18831.0
2024-04-29,27451.0,18831.0
2024-04-30,27629.0,18831.0
2024-05-06,27595.0,18904.0
2024-05-07,27463.0,18904.0
2024-05-08,27364.0,18904.0
2024-05-09,27609.0,18904.0
2024-05-10,27654.0,18904.0
2024-05-13,27662.0,18904.0
2024-05-14,27737.0,18904.0
2024-05-15,27665.0,18904.0
2024-05-16,27650.0,18904.0
2024-05-17,27848.0,18904.0
2024-05-20,28294.0,18904.0
2024-05-21,27976.0,18904.0
2024-05-22,27792.0,18904.0
2024-05-23,27290.0,18904.0
2024-05-24,27389.0,18904.0
2024-05-27,27627.0,18904.0
2024-05-28,27666.0,18904.0
2024-05-29,27783.0,18904.0
2024-05-30,27407.0,18904.0
2024-05-31,27390.0,19104.0
2024-06-03,26903.0,2374.0
2024-06-04,27094.0,2374.0
2024-06-05,26756.0,2374.0
2024-06-06,27788.0,2374.0
2024-06-07,27514.0,2374.0
2024-06-11,27075.0,2374.0
2024-06-12,27629.0,2374.0
2024-06-13,27145.0,2374.0
2024-06-14,27217.0,2374.0
2024-06-17,26393.0,2374.0
2024-06-18,26556.0,2374.0
2024-06-19,26230.0,2374.0
2024-06-20,26353.0,2374.0
2024-06-21,26200.0,2374.0
2024-06-24,25777.0,2374.0
2024-06-25,25806.0,2374.0
2024-06-26,25372.0,2374.0
2024-06-27,25314.0,23194.0
2024-06-28,25372.0,23194.0
2024-07-01,25450.0,16628.0
2024-07-02,25488.0,16628.0
2024-07-03,25435.0,16628.0
2024-07-04,25467.0,16628.0
2024-07-05,25391.0,16628.0
2024-07-08,25440.0,16628.0
2024-07-09,25578.0,16628.0
2024-07-10,25393.0,16628.0
2024-07-11,25355.0,16628.0
2024-07-12,25380.0,16628.0
2024-07-15,25558.0,16628.0
2024-07-16,25466.0,16628.0
2024-07-17,25325.0,16628.0
2024-07-18,25501.0,16628.0
2024-07-19,25314.0,16628.0
2024-07-22,25264.0,16628.0
2024-07-23,25197.0,16628.0
2024-07-24,25209.0,16628.0
2024-07-25,25188.0,16628.0
2024-07-26,25102.0,17326.0
2024-07-29,25219.0,17326.0
2024-07-30,25255.0,17326.0
2024-07-31,24985.0,17326.0
2024-08-01,25078.0,16268.0
2024-08-02,25012.0,16268.0
2024-08-05,24927.0,16268.0
2024-08-06,24869.0,16268.0
2024-08-07,25032.0,16268.0
2024-08-08,24920.0,16268.0
2024-08-09,24887.0,16268.0
2024-08-12,24830.0,16268.0
2024-08-13,24924.0,16268.0
2024-08-14,25088.0,16268.0
2024-08-15,25165.0,16268.0
2024-08-16,25133.0,16268.0
2024-08-19,25290.0,16268.0
2024-08-20,25327.0,16268.0
2024-08-21,25220.0,16268.0
2024-08-22,25440.0,16268.0
2024-08-23,25277.0,16268.0
2024-08-26,25203.0,16268.0
2024-08-27,25175.0,16268.0
2024-08-28,25263.0,16268.0
2024-08-29,24961.0,16268.0
2024-08-30,24892.0,16268.0
2024-09-02,25082.0,16177.0
2024-09-03,24760.0,16177.0
2024-09-04,24672.0,16177.0
2024-09-05,24614.0,16177.0
2024-09-06,24657.0,16177.0
2024-09-09,24427.0,16177.0
2024-09-10,24565.0,16177.0
2024-09-11,24350.42,16210.42
2024-09-12,24349.42,16210.42
2024-09-13,24370.02,16371.02
2024-09-18,24586.02,16371.02
2024-09-19,24497.02,16371.02
2024-09-20,24593.02,16371.02
2024-09-23,24711.02,16371.02
2024-09-24,25057.02,16371.02
2024-09-25,25001.02,16371.02
2024-09-26,25070.02,16371.02
2024-09-27,24963.02,16371.02
2024-09-30,25369.02,16371.02
2024-10-08,23795.02,1220.0200000000004
2024-10-09,23795.02,23795.02
2024-10-10,23795.02,23795.02
2024-10-11,23795.02,23795.02
2024-10-14,23795.02,23795.02
2024-10-15,23795.02,23795.02
2024-10-16,23795.02,23795.02
2024-10-17,23795.02,23795.02
2024-10-18,23795.02,23795.02
2024-10-21,23795.02,23795.02
2024-10-22,23795.02,23795.02
2024-10-23,23795.02,23795.02
2024-10-24,23795.02,23795.02
2024-10-25,23795.02,23795.02
2024-10-28,23795.02,23795.02
2024-10-29,23795.02,23795.02
2024-10-30,23795.02,23795.02
2024-10-31,23795.02,23795.02
2024-11-01,22290.02,76.02000000000044
2024-11-04,20091.02,411.02000000000044
2024-11-05,18951.02,18951.02
2024-11-06,18951.02,18951.02
2024-11-07,18951.02,18951.02
2024-11-08,18951.02,18951.02
2024-11-11,18951.02,18951.02
2024-11-12,18951.02,18951.02
2024-11-13,18951.02,18951.02
2024-11-14,18951.02,18951.02
2024-11-15,18951.02,18951.02
2024-11-18,18951.02,18951.02
2024-11-19,18951.02,18951.02
2024-11-20,18951.02,18951.02
2024-11-21,18951.02,18951.02
2024-11-22,18951.02,18951.02
2024-11-25,18951.02,18951.02
2024-11-26,18951.02,18951.02
2024-11-27,18951.02,18951.02
2024-11-28,18951.02,18951.02
2024-11-29,18951.02,18951.02
2024-12-02,19841.02,34.02000000000044
2024-12-03,19337.02,34.02000000000044
2024-12-04,18343.02,34.02000000000044
2024-12-05,20134.02,34.02000000000044
2024-12-06,22055.02,34.02000000000044
2024-12-09,24170.02,34.02000000000044
2024-12-10,26510.02,34.02000000000044
2024-12-11,23959.02,34.02000000000044
2024-12-12,22560.02,34.02000000000044
2024-12-13,21638.02,20880.02
2024-12-16,21656.02,20880.02
2024-12-17,21605.02,20880.02
2024-12-18,21607.02,20880.02
2024-12-19,21616.02,20880.02
2024-12-20,21626.02,20880.02
2024-12-23,21582.02,20880.02
2024-12-24,21598.02,20880.02
2024-12-25,21579.02,20880.02
2024-12-26,21583.02,20880.02
2024-12-27,21587.02,20880.02
2024-12-30,21587.02,20880.02
2024-12-31,21574.02,20880.02
2025-01-02,23271.02,151.02000000000044
2025-01-03,20959.02,151.02000000000044
2025-01-06,20415.02,151.02000000000044
2025-01-07,20449.02,151.02000000000044
2025-01-08,20347.02,151.02000000000044
2025-01-09,20177.02,151.02000000000044
2025-01-10,18681.02,151.02000000000044
2025-01-13,18171.02,18171.02
2025-01-14,18171.02,18171.02
2025-01-15,18171.02,18171.02
2025-01-16,18171.02,18171.02
2025-01-17,18171.02,18171.02
2025-01-20,18171.02,18171.02
2025-01-21,18171.02,18171.02
2025-01-22,18171.02,18171.02
2025-01-23,18171.02,18171.02
2025-01-24,18171.02,18171.02
2025-01-27,18171.02,18171.02
2025-02-05,18027.02,11858.02
2025-02-06,18032.02,11858.02
2025-02-07,18032.02,11858.02
2025-02-10,17898.02,11858.02
2025-02-11,18230.02,11858.02
2025-02-12,18322.02,11858.02
2025-02-13,18228.02,11858.02
2025-02-14,18690.02,11858.02
2025-02-17,18947.02,11858.02
2025-02-18,18714.02,11858.02
2025-02-19,18568.02,11858.02
2025-02-20,18901.02,11858.02
2025-02-21,19173.02,11858.02
2025-02-24,18737.02,11858.02
2025-02-25,18586.02,11858.02
2025-02-26,18608.02,11858.02
2025-02-27,18647.02,11858.02
2025-02-28,18482.02,11858.02
2025-03-03,18324.02,12014.02
2025-03-04,18587.02,12014.02
2025-03-05,18678.02,12014.02
2025-03-06,19068.02,12014.02
2025-03-07,18976.02,12014.02
2025-03-10,18957.02,12014.02
2025-03-11,19297.02,12014.02
2025-03-12,19598.02,12014.02
2025-03-13,19712.02,12014.02
2025-03-14,19522.02,12014.02
2025-03-17,19777.02,12014.02
2025-03-18,19599.02,12014.02
2025-03-19,19456.02,12014.02
2025-03-20,19198.02,12014.02
2025-03-21,19071.02,12014.02
2025-03-24,19036.02,12014.02
2025-03-25,18470.02,12014.02
2025-03-26,18270.02,18270.02
2025-03-27,18270.02,18270.02
2025-03-28,18270.02,18270.02
2025-03-31,18270.02,18270.02
2025-04-01,18287.02,11920.02
2025-04-02,18335.02,11920.02
2025-04-03,18410.02,11920.02
2025-04-07,17788.02,11920.02
2025-04-08,17922.02,11920.02
2025-04-09,18138.02,11920.02
2025-04-10,18168.02,11920.02
2025-04-11,18090.02,11920.02
2025-04-14,18259.02,11920.02
2025-04-15,18330.02,11920.02
2025-04-16,18347.02,11920.02
2025-04-17,18315.02,11920.02
2025-04-18,18368.02,11920.02
2025-04-21,18465.02,11920.02
2025-04-22,18444.02,11920.02
2025-04-23,18511.02,11920.02
2025-04-24,18447.02,11920.02
2025-04-25,18417.02,11920.02
2025-04-28,18591.02,11920.02
2025-04-29,18570.02,11920.02
2025-04-30,18630.02,11920.02
2025-05-06,18737.02,12172.02
2025-05-07,18680.02,12172.02
2025-05-08,18654.02,12172.02
2025-05-09,18559.02,12172.02
2025-05-12,18588.02,12172.02
2025-05-13,18617.02,12172.02
2025-05-14,18602.02,12172.02
2025-05-15,18387.02,12172.02
2025-05-16,18379.02,12172.02
2025-05-19,18378.02,12172.02
2025-05-20,18399.02,12172.02
2025-05-21,18407.02,12172.02
2025-05-22,18407.02,12172.02
2025-05-23,18275.02,12172.02
2025-05-26,18272.02,16912.02
2025-05-27,18256.02,16912.02
2025-05-28,18246.02,16912.02
2025-05-29,18250.02,16912.02
2025-05-30,18260.02,16912.02
2025-06-03,18449.02,11915.02
2025-06-04,18439.02,11915.02
2025-06-05,18415.02,11915.02
2025-06-06,18418.02,11915.02
2025-06-09,18382.02,11915.02
2025-06-10,18367.02,11915.02
2025-06-11,18367.02,11915.02
2025-06-12,18340.02,11915.02
2025-06-13,18265.02,11915.02
2025-06-16,18313.02,11915.02
2025-06-17,18328.02,11915.02
2025-06-18,18216.02,11915.02
2025-06-19,18004.02,11915.02
2025-06-20,18028.02,11915.02
2025-06-23,18055.02,11915.02
2025-06-24,18155.02,11915.02
2025-06-25,18168.02,11915.02
2025-06-26,18142.02,11915.02
2025-06-27,18203.02,11915.02
2025-06-30,18203.02,11915.02
2025-07-01,18220.02,11880.02
2025-07-02,18190.02,11880.02
2025-07-03,18232.02,11880.02
2025-07-04,18273.02,11880.02
2025-07-07,18513.02,11880.02
2025-07-08,18505.02,11880.02
2025-07-09,18427.02,11880.02
2025-07-10,18396.02,11880.02
2025-07-11,18439.02,11880.02
2025-07-14,18472.02,11880.02
2025-07-15,18383.02,11880.02
2025-07-16,18400.02,11880.02
2025-07-17,18431.02,11880.02
2025-07-18,18562.02,11880.02
2025-07-21,18572.02,11880.02
2025-07-22,18490.02,11880.02
2025-07-23,18457.02,11880.02
2025-07-24,18472.02,11880.02
2025-07-25,18554.02,11880.02
2025-07-28,18507.02,11880.02
2025-07-29,18465.02,11880.02
2025-07-30,18564.02,11880.02
2025-07-31,18505.02,11880.02
2025-08-01,18743.02,53.02000000000055
2025-08-04,18733.02,53.02000000000055
2025-08-05,20438.02,53.02000000000055
2025-08-06,20939.02,53.02000000000055
2025-08-07,22835.02,53.02000000000055
2025-08-08,21592.02,432.02000000000055
2025-08-11,21734.02,432.02000000000055
2025-08-12,22547.02,432.02000000000055
2025-08-13,22906.02,432.02000000000055
2025-08-14,24039.02,432.02000000000055
2025-08-15,23553.02,432.02000000000055
2025-08-18,25774.02,432.02000000000055
2025-08-19,24995.02,432.02000000000055
2025-08-20,24791.020000000004,432.02000000000055
2025-08-21,24772.020000000004,432.02000000000055
2025-08-22,24598.02,432.02000000000055
2025-08-25,25254.020000000004,432.02000000000055
2025-08-26,23806.02,432.02000000000055
2025-08-27,23909.02,432.02000000000055
2025-08-28,22760.02,432.02000000000055
2025-08-29,21467.02,432.02000000000055
2025-09-01,21579.02,1.0200000000002092
2025-09-02,22515.019999999997,1.0200000000002092
2025-09-03,24561.02,1.0200000000002092
2025-09-04,23833.02,1.0200000000002092
2025-09-05,26053.02,1.0200000000002092
2025-09-08,26711.02,1.0200000000002092
2025-09-09,26861.019999999997,1.0200000000002092
2025-09-10,29419.019999999997,1.0200000000002092
2025-09-11,29669.02,1.0200000000002092
2025-09-12,28711.02,1.0200000000002092
2025-09-15,30363.02,1.0200000000002092
2025-09-16,29635.02,1.0200000000002092
2025-09-17,30679.02,1.0200000000002092
2025-09-18,30689.02,1.0200000000002092
2025-09-19,30215.02,957.0200000000002
2025-09-22,30141.02,957.0200000000002
2025-09-23,29037.02,1047.0200000000002
2025-09-24,30119.02,1047.0200000000002
2025-09-25,30465.02,1047.0200000000002
2025-09-26,29767.02,1047.0200000000002
2025-09-29,30509.02,3065.0200000000004
2025-09-30,30173.02,3065.0200000000004
2025-10-09,28878.02,5214.02
2025-10-10,28202.02,5214.02
2025-10-13,27238.02,25014.02
2025-10-14,27286.02,25014.02
2025-10-15,27245.02,26359.02
2025-10-16,27243.02,26359.02
2025-10-17,27159.02,26359.02
2025-10-20,27159.02,27159.02
2025-10-21,27159.02,27159.02
2025-10-22,27159.02,27159.02
2025-10-23,27159.02,27159.02
2025-10-24,27159.02,27159.02
2025-10-27,27159.02,27159.02
2025-10-28,27159.02,27159.02
2025-10-29,27159.02,27159.02
2025-10-30,27159.02,27159.02
2025-10-31,27159.02,27159.02
2025-11-03,26525.019999999997,2234.019999999997
2025-11-04,25588.019999999997,2234.019999999997
2025-11-05,25727.019999999997,2234.019999999997
2025-11-06,26827.019999999997,2234.019999999997
2025-11-07,26759.019999999997,2234.019999999997
2025-11-10,26528.019999999997,2234.019999999997
2025-11-11,26155.019999999997,2234.019999999997
2025-11-12,26153.019999999993,2234.019999999997
2025-11-13,27255.019999999997,2234.019999999997
2025-11-14,27128.019999999997,2234.019999999997
2025-11-17,26055.019999999997,2234.019999999997
2025-11-18,25318.019999999997,2234.019999999997
2025-11-19,25784.019999999997,2234.019999999997
2025-11-20,25631.019999999997,2234.019999999997
2025-11-21,24736.019999999997,2234.019999999997
2025-11-24,24913.019999999997,23668.019999999997
2025-11-25,24943.019999999997,23668.019999999997
2025-11-26,24941.019999999997,23668.019999999997
2025-11-27,24956.019999999997,23668.019999999997
2025-11-28,24945.019999999997,23668.019999999997
2025-12-01,25173.019999999997,63.0199999999968
2025-12-02,25011.019999999997,63.0199999999968
2025-12-03,25846.019999999997,63.0199999999968
2025-12-04,25629.019999999997,63.0199999999968
2025-12-05,26339.019999999997,63.0199999999968
2025-12-08,26472.019999999997,63.0199999999968
2025-12-09,25373.019999999997,63.0199999999968
2025-12-10,26007.019999999997,63.0199999999968
2025-12-11,25099.019999999997,63.0199999999968
2025-12-12,25180.019999999997,278.0199999999968
2025-12-15,25153.019999999997,278.0199999999968
2025-12-16,25794.019999999997,278.0199999999968
2025-12-17,26409.019999999997,2369.019999999997
2025-12-18,25724.019999999997,2369.019999999997
2025-12-19,25829.019999999997,2369.019999999997
2025-12-22,25854.019999999997,2369.019999999997
2025-12-23,26014.019999999997,2369.019999999997
2025-12-24,25584.019999999997,2369.019999999997
2025-12-25,25594.019999999997,2369.019999999997
2025-12-26,25644.019999999997,2369.019999999997
2025-12-29,25669.019999999997,2369.019999999997
2025-12-30,26339.019999999997,2369.019999999997
2025-12-31,26354.019999999997,2369.019999999997
2026-01-05,27401.019999999997,1694.0199999999968
2026-01-06,28541.019999999997,1694.0199999999968
2026-01-07,29055.019999999997,1694.0199999999968
2026-01-08,28091.019999999997,1694.0199999999968
2026-01-09,27900.019999999997,1694.0199999999968
2026-01-12,27312.019999999997,1694.0199999999968
2026-01-13,27653.019999999997,1694.0199999999968
2026-01-14,28219.019999999997,1694.0199999999968
2026-01-15,28797.019999999997,1694.0199999999968
2026-01-16,28507.019999999997,1694.0199999999968
2026-01-19,30136.019999999997,1694.0199999999968
2026-01-20,30193.019999999997,1694.0199999999968
2026-01-21,31498.019999999997,1694.0199999999968
2026-01-22,32529.019999999997,1694.0199999999968
2026-01-23,32426.019999999997,1694.0199999999968
2026-01-26,32142.019999999997,1694.0199999999968
2026-01-27,31554.019999999997,1694.0199999999968
2026-01-28,32179.019999999997,1694.0199999999968
2026-01-29,31094.019999999997,1694.0199999999968
2026-01-30,30469.019999999997,1694.0199999999968
2026-02-02,28705.019999999997,5161.019999999997
2026-02-03,29994.019999999997,5161.019999999997
2026-02-04,29964.019999999997,5161.019999999997
2026-02-05,29023.019999999997,5161.019999999997
2026-02-06,30103.019999999997,5161.019999999997
2026-02-09,29692.019999999997,5161.019999999997
2026-02-10,29586.019999999997,5161.019999999997
2026-02-11,30300.019999999997,5161.019999999997
2026-02-12,30634.019999999997,5161.019999999997
2026-02-13,29846.019999999997,5161.019999999997
2026-02-24,30412.019999999997,5161.019999999997
2026-02-25,31324.019999999997,5161.019999999997
2026-02-26,31133.019999999997,5161.019999999997
2026-02-27,32287.019999999997,5161.019999999997
2026-03-02,33566.02,8146.019999999997
2026-03-03,34155.02,8146.019999999997
2026-03-04,33566.02,8146.019999999997
2026-03-05,34096.02,8146.019999999997
2026-03-06,33602.02,8146.019999999997
2026-03-09,33687.02,8146.019999999997
2026-03-10,33815.02,8206.019999999997
2026-03-11,33579.02,8206.019999999997
2026-03-12,34890.02,8206.019999999997
2026-03-13,36688.02,8206.019999999997
2026-03-16,35679.02,8206.019999999997
2026-03-17,33878.02,8206.019999999997
2026-03-18,33392.02,8206.019999999997
2026-03-19,33209.02,8206.019999999997
2026-03-20,33200.02,8206.019999999997
2026-03-23,31536.019999999997,8206.019999999997
2026-03-24,32003.019999999997,8206.019999999997
2026-03-25,32209.019999999997,8206.019999999997
2026-03-26,31298.019999999997,8206.019999999997
2026-03-27,31135.019999999997,25155.019999999997
2026-03-30,31419.019999999997,25155.019999999997
2026-03-31,31169.019999999997,25155.019999999997
2026-04-01,33326.02,6269.019999999997
2026-04-02,33554.02,6269.019999999997
2026-04-03,32894.02,6269.019999999997
2026-04-07,33696.02,6269.019999999997
2026-04-08,33349.02,11519.019999999997
2026-04-09,32172.019999999997,11519.019999999997
2026-04-10,30709.019999999997,11519.019999999997
2026-04-13,30549.019999999997,26414.019999999997
2026-04-14,30824.019999999997,26414.019999999997
2026-04-15,30864.019999999997,26414.019999999997
2026-04-16,31110.019999999997,26414.019999999997
2026-04-17,31146.019999999997,26414.019999999997
2026-04-20,30840.019999999997,26414.019999999997
2026-04-21,31283.019999999997,26414.019999999997
2026-04-22,31770.019999999997,26414.019999999997
2026-04-23,32269.019999999997,26414.019999999997
2026-04-24,32265.019999999997,26414.019999999997
2026-04-27,32276.019999999997,26414.019999999997
2026-04-28,32179.019999999997,26414.019999999997
2026-04-29,32184.019999999997,26414.019999999997
2026-04-30,32103.019999999997,26414.019999999997
2026-05-06,33791.02,7091.019999999997
2026-05-07,36414.020000000004,7091.019999999997
2026-05-08,37416.02,7091.019999999997
2026-05-11,37693.01999999999,7091.019999999997
2026-05-12,37363.02,7091.019999999997
2026-05-13,36963.02,7091.019999999997
2026-05-14,36118.020000000004,7091.019999999997
2026-05-15,34543.02,7091.019999999997
2026-05-18,33996.01999999999,7091.019999999997
2026-05-19,35123.02,7091.019999999997
2026-05-20,36682.02,7091.019999999997
2026-05-21,36647.02,7091.019999999997
2026-05-22,39603.02,7091.019999999997
2026-05-25,42818.02,7091.019999999997
2026-05-26,44588.02,7091.019999999997
2026-05-27,43811.02,7091.019999999997
2026-05-28,47434.02,7091.019999999997
2026-05-29,48309.02,7091.019999999997
2026-06-01,44262.02,7874.019999999997
2026-06-02,47634.02,7874.019999999997
2026-06-03,46832.02,21893.019999999997
2026-06-04,46703.02,21893.019999999997
2026-06-05,45590.02,21893.019999999997
2026-06-08,44145.02,21893.019999999997
2026-06-09,44783.02,44783.02
2026-06-10,44783.02,44783.02
2026-06-11,44783.02,44783.02
2026-06-12,44783.02,44783.02
2026-06-15,44783.02,44783.02
2026-06-16,44783.02,44783.02
2026-06-17,44783.02,44783.02
2026-06-18,44783.02,44783.02
2026-06-22,44783.02,44783.02
2026-06-23,44783.02,44783.02
2026-06-24,44783.02,44783.02
2026-06-25,44783.02,44783.02
2026-06-26,44783.02,44783.02
2026-06-29,44783.02,44783.02
2026-06-30,44783.02,44783.02
2026-07-01,44374.02,36085.02
2026-07-02,43894.02,36085.02
2026-07-03,43763.02,42005.02
2026-07-06,43658.02,42005.02
2026-07-07,43632.02,43632.02
2026-07-08,43632.02,43632.02
2026-07-09,43632.02,43632.02
2026-07-10,43632.02,43632.02
2026-07-13,43632.02,43632.02
2026-07-14,43632.02,43632.02
2026-07-15,43632.02,43632.02
2026-07-16,43632.02,43632.02
2026-07-17,43632.02,43632.02
2026-07-20,43632.02,43632.02
2026-07-21,43632.02,43632.02
2026-07-22,43632.02,43632.02
2026-07-23,43632.02,43632.02
2026-07-24,43632.02,43632.02
2026-07-27,43632.02,43632.02
2026-07-28,43632.02,43632.02
2026-07-29,43632.02,43632.02
2026-07-30,43632.02,43632.02
2026-07-31,43632.02,43632.02
2026-08-03,43447.02,34897.02
2026-08-04,43514.02,34897.02
2026-08-05,43617.02,34897.02
2026-08-06,44361.02,34897.02
2026-08-07,44372.02,34897.02
2026-08-10,44568.02,34897.02
2026-08-11,44549.02,34897.02
2026-08-12,44199.02,34897.02
2026-08-13,44192.02,34897.02
2026-08-14,44713.02,34897.02
2026-08-17,44484.02,35606.02
2026-08-18,44610.02,35606.02
2026-08-19,44612.02,35606.02
2026-08-20,44842.02,35606.02
2026-08-21,45059.02,35606.02
2026-08-24,45042.02,35606.02
2026-08-25,44813.02,35606.02
2026-08-26,44886.02,35606.02
2026-08-27,45119.02,35606.02
2026-08-28,45015.02,35606.02
2026-08-31,45426.02,35606.02
2026-09-01,45499.02,36561.02
2026-09-02,45422.02,36561.02
2026-09-03,45522.02,36561.02
2026-09-04,45512.02,36561.02
2026-09-07,45394.02,36561.02
2026-09-08,45234.02,36561.02
2026-09-09,45320.02,36561.02
2026-09-10,45225.02,36561.02
2026-09-11,45324.02,36561.02
2026-09-14,45370.02,36561.02
2026-09-15,45413.02,36561.02
2026-09-16,45195.02,36561.02
2026-09-17,45242.02,36561.02
2026-09-18,45288.02,36561.02
2026-09-21,44922.02,36561.02
2026-09-22,45120.02,36561.02
2026-09-23,45100.02,36561.02
2026-09-24,45053.02,36561.02
