date,code,shares,close,value
2026-01-30,002801.SZ,600,35.34,21204.000000000004
2026-01-30,603082.SH,100,37.22,3722.0
2026-02-27,002672.SZ,5200,4.92,25584.0
2026-03-31,002672.SZ,5100,4.84,24684.0
2026-04-30,002891.SZ,600,33.65,20190.0
2026-04-30,600327.SH,700,3.97,2779.0
2026-05-29,600520.SH,500,31.22,15610.0
2026-05-29,603112.SH,400,20.24,8095.999999999999
2026-07-31,600935.SH,8900,2.29,20381.0
2026-08-31,002812.SZ,200,53.3,10660.0
2026-08-31,002554.SZ,100,2.94,294.0
2026-09-24,002217.SZ,500,1.56,780.0
2026-09-24,600724.SH,100,4.96,496.0
