date,cash,stock_value,receivable,equity,profit,return_
2026-01-05,5.000000000001819,25274.0,0,25279.0,279.0,0.011160000000000059
2026-01-06,5.000000000001819,26112.0,0,26117.0,838.0,0.033150045492305935
2026-01-07,5.000000000001819,25714.0,0,25719.0,-398.0,-0.015239116284412435
2026-01-08,5.000000000001819,25527.0,0,25532.0,-187.0,-0.007270889225864163
2026-01-09,5.000000000001819,25715.0,0,25720.0,188.0,0.007363308788970624
2026-01-12,5.000000000001819,25767.0,0,25772.0,52.0,0.0020217729393468
2026-01-13,3010.000000000002,22984.0,0,25994.0,222.0,0.008613999689585539
2026-01-14,26134.0,0.0,0,26134.0,140.0,0.00538585827498661
2026-01-15,26134.0,0.0,0,26134.0,0.0,0.0
2026-01-16,26134.0,0.0,0,26134.0,0.0,0.0
2026-01-19,1284.0,24592.0,0,25876.0,-258.0,-0.009872197137828165
2026-01-20,1284.0,24626.0,0,25910.0,34.0,0.0013139588808162017
2026-01-21,1284.0,25054.0,0,26338.0,428.0,0.01651871864145127
2026-01-22,1284.0,24877.999999999996,0,26161.999999999996,-176.00000000000364,-0.006682360088085759
2026-01-23,1284.0,24792.0,0,26076.0,-85.99999999999636,-0.0032872104579159123
2026-01-26,1284.0,25944.0,0,27228.0,1152.0,0.044178554993097086
2026-01-27,2754.9999999999964,25068.0,0,27822.999999999996,594.9999999999964,0.02185250477449663
2026-01-28,2754.9999999999964,27372.000000000004,0,30127.0,2304.0000000000036,0.08280918664414338
2026-01-29,2754.9999999999964,25950.999999999996,0,28705.999999999993,-1421.0000000000073,-0.047166993062701446
2026-01-30,2754.9999999999964,24795.0,0,27549.999999999996,-1155.9999999999964,-0.040270326760955766
2026-02-02,2754.9999999999964,25134.0,0,27888.999999999996,339.0,0.01230490018148811
2026-02-03,2754.9999999999964,27492.0,0,30246.999999999996,2358.0,0.08454946394635887
2026-02-04,31484.999999999996,0.0,0,31484.999999999996,1238.0,0.04092967897642752
2026-02-05,31484.999999999996,0.0,0,31484.999999999996,0.0,0.0
2026-02-06,31484.999999999996,0.0,0,31484.999999999996,0.0,0.0
2026-02-09,31484.999999999996,0.0,0,31484.999999999996,0.0,0.0
2026-02-10,31484.999999999996,0.0,0,31484.999999999996,0.0,0.0
2026-02-11,31484.999999999996,0.0,0,31484.999999999996,0.0,0.0
2026-02-12,31484.999999999996,0.0,0,31484.999999999996,0.0,0.0
2026-02-13,31484.999999999996,0.0,0,31484.999999999996,0.0,0.0
2026-02-24,31484.999999999996,0.0,0,31484.999999999996,0.0,0.0
2026-02-25,31484.999999999996,0.0,0,31484.999999999996,0.0,0.0
2026-02-26,31484.999999999996,0.0,0,31484.999999999996,0.0,0.0
2026-02-27,31484.999999999996,0.0,0,31484.999999999996,0.0,0.0
2026-03-02,31484.999999999996,0.0,0,31484.999999999996,0.0,0.0
2026-03-03,31484.999999999996,0.0,0,31484.999999999996,0.0,0.0
2026-03-04,31484.999999999996,0.0,0,31484.999999999996,0.0,0.0
2026-03-05,6547.0,24992.0,0,31539.0,54.00000000000364,0.00171510242972861
2026-03-06,6547.0,25765.0,0,32312.0,773.0,0.02450933764545482
2026-03-09,6547.0,25623.0,0,32170.0,-142.0,-0.00439465214161916
2026-03-10,6547.0,26224.0,0,32771.0,601.0,0.018682001865091724
2026-03-11,6547.0,25714.0,0,32261.0,-510.0,-0.015562540050654494
2026-03-12,6547.0,25445.0,0,31992.0,-269.0,-0.008338241220049003
2026-03-13,31907.0,0.0,0,31907.0,-85.0,-0.0026569142285571834
2026-03-16,31907.0,0.0,0,31907.0,0.0,0.0
2026-03-17,31907.0,0.0,0,31907.0,0.0,0.0
2026-03-18,6929.0,25273.0,0,32202.0,295.0,0.009245620083367267
2026-03-19,6929.0,24615.0,0,31544.0,-658.0,-0.02043351344636979
2026-03-20,6771.0,23885.0,0,30656.0,-888.0,-0.028151153943697715
2026-03-23,6771.0,22378.0,0,29149.0,-1507.0,-0.04915840292275575
2026-03-24,4867.0,25221.0,0,30088.0,939.0,0.032213798071975
2026-03-25,4867.0,25334.0,0,30201.0,113.0,0.0037556500930604475
2026-03-26,4867.0,23949.0,0,28816.0,-1385.0,-0.045859408628853404
2026-03-27,3771.0,26561.0,0,30332.0,1516.0,0.05260966129927813
2026-03-30,3933.0,26877.0,0,30810.0,478.0,0.015758934458657503
2026-03-31,3933.0,26175.0,0,30108.0,-702.0,-0.02278481012658229
2026-04-01,6007.0,25153.0,0,31160.0,1052.0,0.034940879500465094
2026-04-02,6007.0,24509.0,0,30516.0,-644.0,-0.020667522464698385
2026-04-03,6007.0,24118.0,0,30125.0,-391.0,-0.012812950583300564
2026-04-07,6007.0,24364.0,0,30371.0,246.0,0.008165975103734402
2026-04-08,5894.0,25477.0,0,31371.0,1000.0,0.032926146653057264
2026-04-09,5894.0,25679.0,0,31573.0,202.0,0.00643906792897897
2026-04-10,6555.0,27482.0,0,34037.0,2464.0,0.07804136445697263
2026-04-13,6555.0,28111.999999999996,0,34667.0,630.0,0.01850926932455854
2026-04-14,9558.0,24904.0,0,34462.0,-205.0,-0.005913404678801193
2026-04-15,9558.0,24426.0,0,33984.0,-478.0,-0.013870349950670269
2026-04-16,9558.0,24799.0,0,34357.0,373.0,0.010975753295668467
2026-04-17,9414.0,26416.0,0,35830.0,1473.0,0.04287335914078638
2026-04-20,10422.0,27807.999999999996,0,38230.0,2400.0,0.06698297516048002
2026-04-21,10422.0,28304.0,0,38726.0,496.0,0.012974104106722395
2026-04-22,13682.0,24570.0,0,38252.0,-474.0,-0.012239838867943997
2026-04-23,13682.0,24856.0,0,38538.0,286.0,0.007476733242706368
2026-04-24,13682.0,24629.0,0,38311.0,-227.0,-0.005890290103274687
2026-04-27,13682.0,25038.0,0,38720.0,409.0,0.010675785022578266
2026-04-28,13751.0,25439.0,0,39190.0,470.0,0.012138429752066138
2026-04-29,13751.0,25688.0,0,39439.0,249.0,0.006353661648379694
2026-04-30,13751.0,25149.0,0,38900.0,-539.0,-0.013666675118537475
2026-05-06,13751.0,24987.0,0,38738.0,-162.0,-0.004164524421593874
2026-05-07,36735.0,1955.0,0,38690.0,-48.0,-0.0012390933966647255
2026-05-08,36735.0,1962.0,0,38697.0,7.0,0.00018092530369595572
2026-05-11,37831.0,868.0,0,38699.0,2.0,5.168359304330572e-05
2026-05-12,37831.0,868.0,0,38699.0,0.0,0.0
2026-05-13,37831.0,868.0,0,38699.0,0.0,0.0
2026-05-14,37831.0,868.0,0,38699.0,0.0,0.0
2026-05-15,37831.0,868.0,0,38699.0,0.0,0.0
2026-05-18,37831.0,868.0,0,38699.0,0.0,0.0
2026-05-19,37831.0,868.0,0,38699.0,0.0,0.0
2026-05-20,37831.0,868.0,0,38699.0,0.0,0.0
2026-05-21,37831.0,868.0,0,38699.0,0.0,0.0
2026-05-22,37831.0,868.0,0,38699.0,0.0,0.0
2026-05-25,37831.0,868.0,0,38699.0,0.0,0.0
2026-05-26,37831.0,868.0,0,38699.0,0.0,0.0
2026-05-27,37831.0,868.0,0,38699.0,0.0,0.0
2026-05-28,37831.0,868.0,0,38699.0,0.0,0.0
2026-05-29,37831.0,868.0,0,38699.0,0.0,0.0
2026-06-01,37831.0,868.0,0,38699.0,0.0,0.0
2026-06-02,37831.0,868.0,0,38699.0,0.0,0.0
2026-06-03,13706.0,24893.0,0,38599.0,-100.0,-0.0025840460993824532
2026-06-04,13706.0,24430.0,0,38136.0,-463.0,-0.011995129407497584
2026-06-05,13706.0,24914.0,0,38620.0,484.0,0.01269142018040692
2026-06-08,13013.0,24772.0,0,37785.0,-835.0,-0.021620921802175008
2026-06-09,13013.0,24566.0,0,37579.0,-206.0,-0.005451898901680519
2026-06-10,13013.0,24646.0,0,37659.0,80.0,0.002128848559035612
2026-06-11,13013.0,24229.0,0,37242.0,-417.0,-0.011073050266868445
2026-06-12,12345.0,25430.0,0,37775.0,533.0,0.01431179850706199
2026-06-15,12345.0,25347.0,0,37692.0,-83.0,-0.002197220383851728
2026-06-16,12345.0,25033.0,0,37378.0,-314.0,-0.008330680250451028
2026-06-17,12345.0,24412.0,0,36757.0,-621.0,-0.016614051046069833
2026-06-18,12053.0,24736.0,0,36789.0,32.0,0.0008705824740866674
2026-06-22,12056.2,24537.0,0,36593.2,-195.8000000000029,-0.005322243061784859
2026-06-23,12056.2,25023.0,0,37079.2,486.0,0.01328115606178204
2026-06-24,12056.2,24021.000000000004,0,36077.200000000004,-1001.9999999999927,-0.027023236747286683
2026-06-25,10868.200000000004,24757.0,0,35625.200000000004,-452.0,-0.01252868847915023
2026-06-26,10868.200000000004,24199.0,0,35067.200000000004,-558.0,-0.015663069961712517
2026-06-29,10868.200000000004,25071.0,0,35939.200000000004,872.0,0.02486654195373461
2026-06-30,10868.200000000004,24612.0,0,35480.200000000004,-459.0,-0.012771569762265123
2026-07-01,10420.200000000004,26048.0,0,36468.200000000004,988.0,0.027846517212417154
2026-07-02,10420.200000000004,26242.0,0,36662.200000000004,194.0,0.005319703193467085
2026-07-03,11791.200000000004,25310.0,0,37101.200000000004,439.0,0.011974185946288074
2026-07-06,11791.200000000004,25067.999999999996,0,36859.2,-242.00000000000728,-0.006522700074391374
2026-07-07,11791.200000000004,24179.0,0,35970.200000000004,-888.9999999999927,-0.024118808872682918
2026-07-08,11077.200000000004,24916.0,0,35993.200000000004,23.0,0.0006394181850530867
2026-07-09,11077.200000000004,24681.0,0,35758.200000000004,-235.0,-0.006529011035417809
2026-07-10,11077.200000000004,25280.0,0,36357.200000000004,599.0,0.01675140247551621
2026-07-13,35688.20000000001,726.0,0,36414.20000000001,57.000000000007276,0.0015677774966171842
2026-07-14,11560.200000000012,24538.0,0,36098.20000000001,-316.0,-0.008677933333699483
2026-07-15,11367.200000000012,24791.0,0,36158.20000000001,60.0,0.0016621327379204853
2026-07-16,11367.200000000012,24428.0,0,35795.20000000001,-363.0,-0.01003921655392137
2026-07-17,11367.200000000012,23398.0,0,34765.20000000001,-1030.0,-0.0287748077954586
2026-07-20,11367.200000000012,22543.0,0,33910.20000000001,-855.0,-0.02459355907631766
2026-07-21,9031.200000000012,24831.0,0,33862.20000000001,-48.0,-0.0014155032998920403
2026-07-22,8805.200000000012,24799.0,0,33604.20000000001,-258.0,-0.007619115119513742
2026-07-23,8805.200000000012,26159.0,0,34964.20000000001,1360.0,0.04047113158474236
2026-07-24,9523.200000000012,24597.0,0,34120.20000000001,-844.0,-0.024138976438757398
2026-07-27,9523.200000000012,25244.0,0,34767.20000000001,647.0,0.018962374194758436
2026-07-28,9523.200000000012,25503.0,0,35026.20000000001,259.0,0.007449550150716799
2026-07-29,34739.20000000001,422.0,0,35161.20000000001,135.0,0.003854257669972716
2026-07-30,35161.20000000001,0.0,0,35161.20000000001,0.0,0.0
2026-07-31,35161.20000000001,0.0,0,35161.20000000001,0.0,0.0
2026-08-03,35161.20000000001,0.0,0,35161.20000000001,0.0,0.0
2026-08-04,35161.20000000001,0.0,0,35161.20000000001,0.0,0.0
2026-08-05,35161.20000000001,0.0,0,35161.20000000001,0.0,0.0
2026-08-06,35161.20000000001,0.0,0,35161.20000000001,0.0,0.0
2026-08-07,35161.20000000001,0.0,0,35161.20000000001,0.0,0.0
2026-08-10,35161.20000000001,0.0,0,35161.20000000001,0.0,0.0
2026-08-11,35161.20000000001,0.0,0,35161.20000000001,0.0,0.0
2026-08-12,35161.20000000001,0.0,0,35161.20000000001,0.0,0.0
2026-08-13,35161.20000000001,0.0,0,35161.20000000001,0.0,0.0
2026-08-14,35161.20000000001,0.0,0,35161.20000000001,0.0,0.0
2026-08-17,35161.20000000001,0.0,0,35161.20000000001,0.0,0.0
2026-08-18,35161.20000000001,0.0,0,35161.20000000001,0.0,0.0
2026-08-19,35161.20000000001,0.0,0,35161.20000000001,0.0,0.0
2026-08-20,35161.20000000001,0.0,0,35161.20000000001,0.0,0.0
2026-08-21,35161.20000000001,0.0,0,35161.20000000001,0.0,0.0
2026-08-24,35161.20000000001,0.0,0,35161.20000000001,0.0,0.0
2026-08-25,35161.20000000001,0.0,0,35161.20000000001,0.0,0.0
2026-08-26,35161.20000000001,0.0,0,35161.20000000001,0.0,0.0
2026-08-27,35161.20000000001,0.0,0,35161.20000000001,0.0,0.0
2026-08-28,35161.20000000001,0.0,0,35161.20000000001,0.0,0.0
2026-08-31,35161.20000000001,0.0,0,35161.20000000001,0.0,0.0
2026-09-01,35161.20000000001,0.0,0,35161.20000000001,0.0,0.0
2026-09-02,35161.20000000001,0.0,0,35161.20000000001,0.0,0.0
2026-09-03,35161.20000000001,0.0,0,35161.20000000001,0.0,0.0
2026-09-04,35161.20000000001,0.0,0,35161.20000000001,0.0,0.0
2026-09-07,35161.20000000001,0.0,0,35161.20000000001,0.0,0.0
2026-09-08,35161.20000000001,0.0,0,35161.20000000001,0.0,0.0
2026-09-09,35161.20000000001,0.0,0,35161.20000000001,0.0,0.0
2026-09-10,35161.20000000001,0.0,0,35161.20000000001,0.0,0.0
2026-09-11,35161.20000000001,0.0,0,35161.20000000001,0.0,0.0
2026-09-14,35161.20000000001,0.0,0,35161.20000000001,0.0,0.0
2026-09-15,35161.20000000001,0.0,0,35161.20000000001,0.0,0.0
2026-09-16,11506.200000000012,24300.0,0,35806.20000000001,645.0,0.018344083819664903
2026-09-17,11506.200000000012,24750.0,0,36256.20000000001,450.0,0.012567655880825201
2026-09-18,11506.200000000012,25050.0,0,36556.20000000001,300.0,0.008274446853227868
2026-09-21,11506.200000000012,27555.0,0,39061.20000000001,2505.0,0.0685246278333087
2026-09-22,11506.200000000012,27795.0,0,39301.20000000001,240.0,0.006144204479125115
2026-09-23,11506.200000000012,28395.0,0,39901.20000000001,600.0,0.015266709413453095
2026-09-24,15111.200000000012,24263.0,0,39374.20000000001,-527.0,-0.013207622828386056
