month,name,ts_code,sector_selected,mainboard,original_rank,execution_open,one_lot,eligible_30pct,within_total_25000,month_adjusted_return
2026-04,东山精密,002384.SZ,True,True,6,107.5,10750.0,False,True,0.807647628267183
2026-04,德明利,001309.SZ,True,True,24,417.67,41767.0,False,False,0.3821711423582481
2026-04,沪电股份,002463.SZ,True,True,29,78.5,7850.0,False,True,0.3501382124522836
2026-04,佰维存储,688525.SH,True,False,55,228.0,22800.0,False,True,0.25043634133685533
2026-04,胜宏科技,300476.SZ,True,False,65,260.0,26000.0,False,False,0.3171849125010022
2026-04,深南电路,002916.SZ,True,True,68,225.8,22580.0,False,True,0.4236253473645848
2026-04,兆易创新,603986.SH,True,True,76,250.0,25000.0,False,True,0.3145317093658129
2026-04,生益科技,600183.SH,True,True,92,55.55,5555.0,True,True,0.41240539043751157
2026-04,兴森科技,002436.SZ,True,True,127,20.6,2060.0,True,True,0.3820448877805487
2026-04,鹏鼎控股,002938.SZ,True,True,166,54.25,5425.0,True,True,0.38106191297680647
2026-04,中际旭创,300308.SZ,True,False,2,591.0,59100.0,False,False,0.5077255550089015
2026-04,通鼎互联,002491.SZ,True,True,8,12.08,1208.0,True,True,0.29508196721311486
2026-04,新易盛,300502.SZ,True,False,10,461.53,46153.0,False,False,0.18731370246590195
2026-04,亨通光电,600487.SH,True,True,12,54.66,5466.0,True,True,0.2476262818078241
2026-04,光迅科技,002281.SZ,True,True,15,86.6,8660.0,False,True,0.7115065243179124
2026-04,华工科技,000988.SZ,False,True,54,106.61,10661.0,False,True,0.15487922705314006
2026-05,德明利,001309.SZ,True,True,14,570.0,57000.0,False,False,0.2194889579085766
2026-05,东山精密,002384.SZ,True,True,21,191.8,19180.0,False,True,0.14095217693996687
2026-05,沪电股份,002463.SZ,True,True,30,104.9,10490.0,False,True,0.293315877870574
2026-05,佰维存储,688525.SH,True,False,33,286.7,28670.0,False,False,0.23498566470499482
2026-05,深南电路,002916.SZ,True,True,61,325.41,32541.000000000004,False,False,0.32449356679526886
2026-05,胜宏科技,300476.SZ,True,False,86,334.01,33401.0,False,False,0.12186063502694133
2026-05,鹏鼎控股,002938.SZ,True,True,96,73.0,7300.0,True,True,0.4574600971547538
2026-05,兆易创新,603986.SH,True,True,111,330.0,33000.0,False,False,0.49425871893134676
2026-05,生益科技,600183.SH,True,True,118,78.8,7880.0,False,True,0.8379296823944584
2026-05,兴森科技,002436.SZ,True,True,142,29.65,2965.0,True,True,0.39701488358608694
2026-05,通鼎互联,002491.SZ,False,True,3,16.03,1603.0,True,True,0.5145569620253163
2026-05,亨通光电,600487.SH,False,True,5,67.5,6750.0,True,True,0.17382039573820385
2026-05,新易盛,300502.SZ,False,False,6,539.9,53990.0,False,False,0.3435972536564029
2026-05,中际旭创,300308.SZ,False,False,10,888.5,88850.0,False,False,0.354122448979592
2026-05,光迅科技,002281.SZ,False,True,27,147.16,14716.0,False,True,0.4135708344884943
2026-05,华工科技,000988.SZ,True,True,6,123.01,12301.0,False,True,0.2709779971555255
2026-06,德明利,001309.SZ,False,True,6,641.4,64140.0,False,False,0.4732812499999999
2026-06,佰维存储,688525.SH,False,False,16,331.0,33100.0,False,False,0.5121325655985582
2026-06,东山精密,002384.SZ,False,True,21,209.22,20922.0,False,True,0.23140107955878886
2026-06,沪电股份,002463.SZ,False,True,31,132.04,13204.0,False,True,0.1572250833080886
2026-06,深南电路,002916.SZ,False,True,34,412.0,41200.0,False,False,0.11300162854573292
2026-06,鹏鼎控股,002938.SZ,False,True,51,111.62,11162.0,False,True,0.013033477316110043
2026-06,胜宏科技,300476.SZ,False,False,64,375.56,37556.0,False,False,-0.059942472593074836
2026-06,生益科技,600183.SH,False,True,68,140.62,14062.0,False,True,0.24000445449013963
2026-06,兆易创新,603986.SH,False,True,70,476.0,47600.0,False,False,0.7451446435836493
2026-06,兴森科技,002436.SZ,False,True,101,38.5,3850.0,True,True,0.3172182006204758
2026-06,亨通光电,600487.SH,False,True,2,75.24,7523.999999999999,False,True,0.42125545654764585
2026-06,通鼎互联,002491.SZ,False,True,6,23.61,2361.0,True,True,0.3539490179690763
2026-06,中际旭创,300308.SZ,False,False,7,1161.0,116100.0,False,False,0.09373385235454168
2026-06,新易盛,300502.SZ,False,False,8,709.14,70914.0,False,False,0.204479864924626
2026-06,光迅科技,002281.SZ,False,True,16,208.06,20806.0,False,True,0.259818582986026
2026-06,华工科技,000988.SZ,False,True,4,154.9,15490.0,False,True,0.2172016630045941
