date,code,side,shares,price
2023-01-03,605108.SH,buy,600,37.2
2023-01-03,000721.SZ,buy,100,16.29
2023-01-03,002707.SZ,buy,100,9.88
2023-02-01,605108.SH,sell,600,32.13
2023-02-01,000721.SZ,sell,100,14.8
2023-02-01,002707.SZ,sell,100,9.41
2023-02-01,600583.SH,buy,3200,6.72
2023-02-01,600871.SH,buy,100,2.16
2023-03-01,600583.SH,sell,3200,6.82
2023-03-01,600871.SH,sell,100,2.14
2023-03-01,000729.SZ,buy,1600,13.49
2023-03-01,002348.SZ,buy,100,4.45
2023-04-03,000729.SZ,sell,1600,13.93
2023-04-03,002348.SZ,sell,100,4.77
2023-04-03,000070.SZ,buy,2200,10.02
2023-04-03,601728.SH,buy,100,6.27
2023-05-04,000070.SZ,sell,2200,8.16
2023-05-04,601728.SH,sell,100,6.61
2023-05-04,603083.SH,buy,300,62.0
2023-06-01,603083.SH,sell,300,68.21
2023-06-01,603083.SH,buy,300,68.21
2023-07-03,603083.SH,sell,300,62.0
2023-07-03,000586.SZ,buy,1200,14.63
2023-07-03,600105.SH,buy,100,7.4
2023-07-03,600261.SH,buy,100,3.65
2023-08-01,000586.SZ,sell,1200,14.68
2023-08-01,600105.SH,sell,100,6.26
2023-08-01,600261.SH,sell,100,3.74
2023-08-01,600398.SH,buy,1700,7.5
2023-08-01,603889.SH,buy,700,8.49
2023-09-01,600398.SH,sell,1700,7.64
2023-09-01,603889.SH,sell,700,8.45
2023-09-01,002177.SZ,buy,3600,5.16
2023-09-01,002195.SZ,buy,100,3.14
2023-10-09,002177.SZ,sell,3600,4.01
2023-10-09,002195.SZ,sell,100,2.96
2023-10-09,600398.SH,buy,1900,7.66
2023-10-09,600527.SH,buy,100,2.03
2023-11-01,600398.SH,sell,1900,7.43
2023-11-01,600527.SH,sell,100,1.97
2023-11-01,002521.SZ,buy,1700,8.05
2023-11-01,600839.SH,buy,100,5.91
2023-12-01,002521.SZ,sell,1700,8.24
2023-12-01,600839.SH,sell,100,5.75
2023-12-01,603558.SH,buy,1400,9.76
2023-12-01,600987.SH,buy,100,9.36
2024-01-02,603558.SH,sell,1400,9.65
2024-01-02,600987.SH,sell,100,8.77
2024-01-02,605319.SH,buy,600,23.4
2024-01-02,002239.SZ,buy,100,3.25
2024-02-01,605319.SH,sell,600,18.63
2024-02-01,002239.SZ,sell,100,2.45
2024-02-01,600398.SH,buy,1400,7.65
2024-02-01,603889.SH,buy,100,7.37
2024-03-01,600398.SH,sell,1400,8.6
2024-03-01,603889.SH,sell,100,7.07
2024-03-01,603322.SH,buy,100,38.19
2024-03-01,000070.SZ,buy,1000,8.91
2024-04-01,000070.SZ,sell,1000,9.0
2024-04-01,603322.SH,sell,100,32.98
2024-04-01,600938.SH,buy,400,29.28
2024-04-01,600968.SH,buy,100,3.54
2024-04-01,600439.SH,buy,100,2.76
2024-05-06,600938.SH,sell,400,29.24
2024-05-06,600968.SH,sell,100,4.07
2024-05-06,600439.SH,sell,100,2.4
2024-05-06,601168.SH,buy,600,19.77
2024-05-06,000630.SZ,buy,100,3.97
2024-06-03,601168.SH,sell,600,18.49
2024-06-03,000630.SZ,sell,100,3.92
2024-06-03,000933.SZ,buy,500,22.98
2024-06-03,002716.SZ,buy,100,3.81
2024-07-01,000933.SZ,sell,500,20.19
2024-07-01,002716.SZ,sell,100,3.09
2024-07-01,600066.SH,buy,400,25.74
2024-08-01,600066.SH,sell,400,22.41
2024-08-01,600733.SH,buy,900,9.55
2024-08-01,003816.SZ,buy,100,4.64
2024-09-02,600733.SH,sell,900,6.72
2024-09-02,003816.SZ,sell,100,4.75
2024-09-02,601728.SH,buy,1000,6.07
2024-09-02,600050.SH,buy,100,4.65
2024-10-08,601728.SH,sell,1000,7.32
2024-10-08,600050.SH,sell,100,5.88
2024-10-08,600686.SH,buy,400,14.81
2024-10-08,000913.SZ,buy,100,20.99
2024-11-01,600686.SH,sell,400,15.88
2024-11-01,000913.SZ,sell,100,17.46
2024-11-01,600198.SH,buy,500,15.56
2024-11-01,000839.SZ,buy,100,3.79
2024-12-02,600198.SH,sell,500,10.4
2024-12-02,000839.SZ,sell,100,3.5
2024-12-02,603398.SH,buy,200,27.51
2025-01-02,603398.SH,sell,200,22.79
2025-01-02,600171.SH,buy,100,39.29
2025-01-02,600666.SH,buy,100,2.54
2025-01-02,600601.SH,buy,100,4.38
2025-02-05,600171.SH,sell,100,36.93
2025-02-05,600666.SH,sell,100,2.19
2025-02-05,600601.SH,sell,100,5.19
2025-02-05,603766.SH,buy,400,10.18
2025-02-05,002526.SZ,buy,100,3.62
2025-03-03,603766.SH,sell,400,10.66
2025-03-03,002526.SZ,sell,100,4.03
2025-03-03,002837.SZ,buy,100,44.55
2025-03-03,000981.SZ,buy,100,2.24
2025-04-01,002837.SZ,sell,100,39.22
2025-04-01,000981.SZ,sell,100,2.06
2025-04-01,603119.SH,buy,100,39.99
2025-05-06,603119.SH,sell,100,49.19
2025-05-06,603193.SH,buy,100,37.5
2025-05-06,603766.SH,buy,100,12.61
2025-06-03,603766.SH,sell,100,13.09
2025-06-03,603193.SH,sell,100,38.76
2025-06-03,603686.SH,buy,200,17.8
2025-06-03,605069.SH,buy,100,11.17
2025-06-03,002210.SZ,buy,200,2.56
2025-07-01,603686.SH,sell,200,16.27
2025-07-01,605069.SH,sell,100,10.45
2025-07-01,002210.SZ,sell,200,2.82
2025-07-01,002624.SZ,buy,300,15.18
2025-07-01,600936.SH,buy,100,3.81
2025-08-01,002624.SZ,sell,300,14.55
2025-08-01,600936.SH,sell,100,3.65
2025-08-01,603173.SH,buy,100,45.39
2025-08-01,600881.SH,buy,100,1.78
2025-09-01,603173.SH,sell,100,53.82
2025-09-01,600881.SH,sell,100,2.05
2025-09-01,002558.SZ,buy,100,31.28
2025-09-01,002517.SZ,buy,100,22.81
2025-10-09,002558.SZ,sell,100,45.17
2025-10-09,002517.SZ,sell,100,28.29
2025-10-09,002558.SZ,buy,100,45.17
2025-10-09,002517.SZ,buy,100,28.29
2025-11-03,002558.SZ,sell,100,35.42
2025-11-03,002517.SZ,sell,100,24.2
2025-11-03,600711.SH,buy,400,11.13
2025-11-03,603993.SH,buy,100,16.85
2025-12-01,600711.SH,sell,400,12.95
2025-12-01,603993.SH,sell,100,16.96
2025-12-01,000893.SZ,buy,100,44.65
2025-12-01,600078.SH,buy,200,11.86
2026-01-05,000893.SZ,sell,100,48.51
2026-01-05,600078.SH,sell,200,9.59
2026-01-05,000893.SZ,buy,100,48.51
2026-01-05,002545.SZ,buy,100,18.68
2026-02-02,000893.SZ,sell,100,55.33
2026-02-02,002545.SZ,sell,100,26.9
2026-02-02,600673.SH,buy,300,26.26
2026-02-02,000523.SZ,buy,100,3.92
2026-03-02,000523.SZ,sell,100,3.82
2026-03-02,002021.SZ,buy,100,3.76
2026-04-01,600673.SH,sell,300,31.3
2026-04-01,002021.SZ,sell,100,3.2
2026-04-01,000893.SZ,buy,100,62.0
2026-04-01,002491.SZ,buy,200,12.08
2026-04-01,603077.SH,buy,200,2.86
2026-04-01,002470.SZ,buy,200,3.06
2026-05-06,000893.SZ,sell,100,54.05
2026-05-06,002491.SZ,sell,200,16.03
2026-05-06,603077.SH,sell,200,2.96
2026-05-06,002470.SZ,sell,200,2.86
2026-05-06,002636.SZ,buy,200,45.58
2026-05-06,002652.SZ,buy,100,6.06
2026-06-01,002636.SZ,sell,200,53.0
2026-06-01,002652.SZ,sell,100,5.57
2026-06-01,002636.SZ,buy,200,53.0
2026-06-01,002652.SZ,buy,100,5.57
2026-07-01,002636.SZ,sell,200,121.9
2026-07-01,002652.SZ,sell,100,4.19
2026-07-01,000988.SZ,buy,100,184.0
2026-07-01,000811.SZ,buy,100,58.3
2026-07-01,002132.SZ,buy,100,5.53
2026-08-03,000988.SZ,sell,100,95.0
2026-08-03,000811.SZ,sell,100,35.34
2026-08-03,002132.SZ,sell,100,3.85
2026-08-03,601100.SH,buy,100,109.98
2026-08-03,600881.SH,buy,1400,1.75
2026-09-01,600881.SH,sell,1400,1.89
2026-09-01,601100.SH,sell,100,102.01
2026-09-01,000703.SZ,buy,600,19.52
2026-09-01,600256.SH,buy,100,6.71
2026-09-01,600227.SH,buy,100,5.04
