date,equity,cash,dividend_receivable,holdings,return,profit,budget_return_pct
2026-01-30,25402.0,22642.0,0,1,0.016080000000000094,402.0,1.608
2026-02-27,24480.000000000004,318.00000000000364,0,2,-0.036296354617746496,-921.9999999999964,-3.6879999999999855
2026-03-31,21313.000000000004,21313.000000000004,0,0,-0.12937091503267972,-3167.0,-12.668
2026-04-30,19273.000000000004,19273.000000000004,0,0,-0.09571622953127201,-2040.0,-8.16
2026-05-29,20125.000000000004,20125.000000000004,0,0,0.04420692160016593,852.0,3.408
2026-06-30,24317.0,9869.000000000004,0,1,0.20829813664596242,4191.999999999996,16.767999999999986
2026-07-31,21862.000000000004,21607.000000000004,0,1,-0.10095817740675228,-2454.9999999999964,-9.819999999999986
2026-08-31,34340.0,1.000000000003638,0,2,0.5707620528771382,12477.999999999996,49.911999999999985
2026-09-24,34817.0,9965.0,0,1,0.013890506697728622,477.0,1.908
