date,code,profit
2026-01-27,002151.SZ,165.0
2026-01-27,601106.SH,-5.0
2026-01-27,002465.SZ,20.0
2026-01-28,002151.SZ,-510.0
2026-01-28,601106.SH,-13.0
2026-01-28,002465.SZ,-59.0
2026-01-29,002151.SZ,-145.0
2026-01-29,601106.SH,-11.0
2026-01-29,002465.SZ,28.000000000000227
2026-01-30,002151.SZ,-335.0
2026-01-30,601106.SH,-19.0
2026-01-30,002465.SZ,-2.0000000000004547
2026-02-02,000981.SZ,10.999999999999943
2026-02-02,601106.SH,0.0
2026-02-02,002465.SZ,-48.99999999999977
2026-02-02,002151.SZ,135.0
2026-02-03,000981.SZ,15.000000000000057
2026-02-03,002465.SZ,87.0
2026-02-03,002151.SZ,405.0
2026-02-04,000981.SZ,22.0
2026-02-04,002465.SZ,24.0
2026-02-04,002151.SZ,-145.0
2026-02-05,000981.SZ,-32.0
2026-02-06,000981.SZ,-5.000000000000057
2026-02-09,000981.SZ,1.0000000000000568
2026-02-10,000981.SZ,-1.0000000000000568
2026-04-01,600150.SH,-25.0
2026-04-01,603501.SH,-158.0
2026-04-01,601688.SH,8.0
2026-04-02,600150.SH,-15.0
2026-04-02,603501.SH,-940.0
2026-04-02,601688.SH,-48.0
2026-04-03,600150.SH,-39.0
2026-04-03,603501.SH,-240.0
2026-04-03,601688.SH,-4.999999999999773
2026-04-07,600150.SH,147.0
2026-04-07,603501.SH,134.0
2026-04-07,601688.SH,-8.000000000000227
2026-04-08,600150.SH,44.0
2026-04-08,603501.SH,926.0
2026-04-08,601688.SH,71.99999999999977
2026-04-09,600150.SH,-19.000000000000455
2026-04-09,603501.SH,-242.0
2026-04-09,601688.SH,-37.99999999999977
2026-04-10,600150.SH,42.000000000000455
2026-04-10,603501.SH,222.0
2026-04-10,601688.SH,79.0
2026-04-13,600150.SH,0.9999999999995453
2026-04-13,603501.SH,-104.0
2026-04-13,601688.SH,22.000000000000227
2026-04-14,600150.SH,34.000000000000455
2026-04-14,603501.SH,-34.0
2026-04-14,601688.SH,-1.0000000000002274
2026-04-15,600150.SH,-29.0
2026-04-15,603501.SH,-470.0
2026-04-15,601688.SH,-6.0
2026-04-16,600150.SH,1.0
2026-04-16,603501.SH,280.0
2026-04-16,601688.SH,14.000000000000227
2026-04-17,600150.SH,31.0
2026-04-17,603501.SH,-134.0
2026-04-17,601688.SH,5.999999999999773
2026-04-20,600150.SH,225.0
2026-04-20,603501.SH,148.0
2026-04-20,601688.SH,-10.0
2026-04-21,600150.SH,16.0
2026-04-21,603501.SH,-90.0
2026-04-21,601688.SH,-4.999999999999773
2026-04-24,600809.SH,88.99999999999818
2026-04-24,600406.SH,-86.99999999999909
2026-04-27,600809.SH,-363.9999999999982
2026-04-27,600406.SH,-93.0
2026-04-28,600809.SH,41.0
2026-04-28,600406.SH,-48.0
2026-04-29,600809.SH,441.9999999999982
2026-04-29,600406.SH,165.0
2026-04-30,600809.SH,21.00000000000182
2026-04-30,600406.SH,-195.0
2026-05-06,600809.SH,-243.00000000000182
2026-05-06,600406.SH,75.0
2026-05-07,600809.SH,-23.99999999999818
2026-05-07,600406.SH,21.0
2026-06-03,601888.SH,228.0
2026-06-03,601857.SH,15.0
2026-06-04,601888.SH,-584.0
2026-06-04,601857.SH,-20.0
2026-06-05,601888.SH,644.0
2026-06-05,601857.SH,-4.0
2026-06-08,601888.SH,100.0
2026-06-08,601857.SH,34.0
2026-06-09,601888.SH,-28.0
2026-06-09,601857.SH,-61.0
2026-06-10,601888.SH,268.0
2026-06-10,601857.SH,-10.0
2026-06-11,601888.SH,-212.0
2026-06-11,601857.SH,14.0
2026-06-11,600089.SH,484.0
2026-06-12,600089.SH,308.0
2026-06-15,600089.SH,858.0
2026-06-16,600089.SH,330.0
2026-06-17,600089.SH,-737.0
2026-06-18,600089.SH,-132.0
2026-06-22,600089.SH,1935.9999999999964
2026-06-23,600879.SH,-92.99999999999977
2026-06-23,600118.SH,-1005.0000000000036
2026-06-23,600089.SH,-32.99999999999636
2026-06-24,601600.SH,18.0
2026-06-24,600879.SH,38.00000000000023
2026-06-24,600118.SH,69.00000000000364
2026-06-25,601600.SH,-57.99999999999977
2026-06-25,600879.SH,-31.000000000000227
2026-06-25,600118.SH,-330.0
2026-06-26,601600.SH,-80.00000000000023
2026-06-26,600879.SH,107.0
2026-06-26,600118.SH,2121.0
2026-06-29,601600.SH,27.999999999999773
2026-06-29,600879.SH,-23.0
2026-06-29,600118.SH,975.0
2026-06-30,601600.SH,-63.999999999999545
2026-06-30,600879.SH,150.0
2026-06-30,600118.SH,309.0
2026-07-01,601600.SH,-18.0
2026-07-01,600879.SH,-2.0
2026-07-01,600118.SH,-15.0
2026-07-01,601398.SH,1.0
2026-07-01,002594.SZ,228.0
2026-07-02,002594.SZ,872.9999999999964
2026-07-02,601398.SH,-1.0
2026-07-03,002594.SZ,1470.0000000000036
2026-07-03,601398.SH,-1.0
2026-07-06,002594.SZ,-278.99999999999636
2026-07-06,601398.SH,8.0
2026-07-07,002594.SZ,-384.00000000000364
2026-07-07,601398.SH,14.0
2026-07-08,002594.SZ,462.0
2026-07-08,601398.SH,11.0
2026-07-09,002594.SZ,-279.0
2026-07-09,601398.SH,-4.0
2026-07-10,002594.SZ,-9.0
2026-07-10,600418.SH,69.00000000000091
2026-07-10,605117.SH,-396.0
2026-07-13,600418.SH,-612.0000000000009
2026-07-13,605117.SH,36.0
2026-07-13,002131.SZ,-39.99999999999994
2026-07-14,600418.SH,-39.0
2026-07-14,605117.SH,304.0
2026-07-14,002131.SZ,0.9999999999999432
2026-07-15,600418.SH,0.0
2026-07-15,605117.SH,-60.0
2026-07-16,002600.SZ,9.0
2026-07-16,605117.SH,-556.0
2026-07-16,600418.SH,141.0
2026-07-17,002600.SZ,-120.0
2026-07-17,605117.SH,-493.9999999999982
2026-07-17,600418.SH,-486.0
2026-07-20,002600.SZ,28.0
2026-07-20,600089.SH,216.0
2026-07-20,600703.SH,-110.0
2026-07-20,600418.SH,33.0
2026-07-20,605117.SH,-150.0
2026-07-21,600703.SH,18.0
2026-07-21,605117.SH,373.9999999999982
2026-07-21,601179.SH,-1.0
2026-07-21,600089.SH,120.0
2026-07-22,605117.SH,-162.00000000000182
2026-07-22,601179.SH,6.0
2026-07-22,600089.SH,112.0
2026-07-23,605117.SH,1610.0000000000018
2026-07-23,601179.SH,124.0
2026-07-23,600089.SH,700.0
2026-07-24,605117.SH,208.0
2026-07-24,601179.SH,-10.0
2026-07-24,600089.SH,-456.0
2026-07-27,601179.SH,54.0
2026-07-27,600089.SH,104.0
2026-07-28,601179.SH,-65.0
2026-07-28,600089.SH,-116.0
2026-07-29,601179.SH,-20.0
2026-09-18,600276.SH,116.99999999999636
2026-09-18,002050.SZ,-2.0
2026-09-18,603019.SH,81.0
2026-09-21,600276.SH,639.0000000000018
2026-09-21,002050.SZ,87.0
2026-09-21,603019.SH,-36.0
2026-09-22,600276.SH,-96.0
2026-09-22,002050.SZ,2.0000000000004547
2026-09-22,603019.SH,73.0
2026-09-23,600276.SH,-42.0
2026-09-23,002050.SZ,-21.000000000000455
2026-09-23,603019.SH,-117.0
2026-09-24,600276.SH,-216.0
2026-09-24,002050.SZ,9.0
2026-09-24,603019.SH,-133.0
