date,equity,cash
2026-01-05,26073.0,22.0
2026-01-06,25374.000000000004,22.0
2026-01-07,24756.0,22.0
2026-01-08,26998.0,22.0
2026-01-09,27908.0,22.0
2026-01-12,29288.0,22.0
2026-01-13,26603.0,22.0
2026-01-14,26511.0,22.0
2026-01-15,25691.0,22.0
2026-01-16,26332.0,22.0
2026-01-19,25696.0,22.0
2026-01-20,24307.0,22.0
2026-01-21,23228.0,22.0
2026-01-22,23280.0,18814.0
2026-01-23,23407.0,18814.0
2026-01-26,23128.0,18814.0
2026-01-27,23148.0,18814.0
2026-01-28,23123.0,18814.0
2026-01-29,23031.0,18814.0
2026-01-30,22980.0,18814.0
2026-02-02,22631.0,1.0
2026-02-03,23414.0,1.0
2026-02-04,23431.0,1.0
2026-02-05,23099.0,1.0
2026-02-06,23654.0,1.0
2026-02-09,24039.0,1.0
2026-02-10,23700.0,1.0
2026-02-11,23448.0,1.0
2026-02-12,22955.0,1.0
2026-02-13,22536.0,1.0
2026-02-24,22930.0,1.0
2026-02-25,22919.0,1.0
2026-02-26,22462.0,1.0
2026-02-27,22566.0,1.0
2026-03-02,22267.0,7.0
2026-03-03,22077.0,7.0
2026-03-04,21967.0,7.0
2026-03-05,22033.0,7.0
2026-03-06,22639.0,7.0
2026-03-09,22739.0,7.0
2026-03-10,22731.0,7.0
2026-03-11,22849.0,7.0
2026-03-12,23073.0,2367.0
2026-03-13,22493.0,2367.0
2026-03-16,22261.0,2367.0
2026-03-17,22667.0,2367.0
2026-03-18,22783.0,2367.0
2026-03-19,22435.0,2367.0
2026-03-20,24465.0,2367.0
2026-03-23,26669.000000000004,2367.0
2026-03-24,29105.000000000004,2367.0
2026-03-25,31773.0,2367.0
2026-03-26,29859.0,2367.0
2026-03-27,27481.0,2367.0
2026-03-30,29975.0,2367.0
2026-03-31,31019.000000000004,2367.0
2026-04-01,26614.0,4889.0
2026-04-02,25074.0,25074.0
2026-04-03,25074.0,25074.0
2026-04-07,25074.0,25074.0
2026-04-08,25074.0,25074.0
2026-04-09,25074.0,25074.0
2026-04-10,25074.0,25074.0
2026-04-13,25074.0,25074.0
2026-04-14,25074.0,25074.0
2026-04-15,25074.0,25074.0
2026-04-16,25074.0,25074.0
2026-04-17,25074.0,25074.0
2026-04-20,25074.0,25074.0
2026-04-21,25074.0,25074.0
2026-04-22,25074.0,25074.0
2026-04-23,25074.0,25074.0
2026-04-24,25074.0,25074.0
2026-04-27,25074.0,25074.0
2026-04-28,25074.0,25074.0
2026-04-29,25074.0,25074.0
2026-04-30,25074.0,25074.0
2026-05-06,24839.0,100.0
2026-05-07,25860.0,100.0
2026-05-08,26594.0,100.0
2026-05-11,26391.0,100.0
2026-05-12,25608.0,100.0
2026-05-13,26835.0,100.0
2026-05-14,26157.0,100.0
2026-05-15,25534.0,100.0
2026-05-18,25386.0,100.0
2026-05-19,25955.0,100.0
2026-05-20,26068.0,100.0
2026-05-21,24002.0,100.0
2026-05-22,24631.0,11948.0
2026-05-25,24688.0,11948.0
2026-05-26,24490.0,11948.0
2026-05-27,24072.0,11948.0
2026-05-28,24266.0,19040.0
2026-05-29,24014.0,19040.0
2026-06-01,23732.0,62.0
2026-06-02,25310.0,62.0
2026-06-03,25367.0,62.0
2026-06-04,25190.0,62.0
2026-06-05,24251.0,62.0
2026-06-08,23990.0,62.0
2026-06-09,25716.0,62.0
2026-06-10,25614.0,62.0
2026-06-11,24430.0,62.0
2026-06-12,24355.0,62.0
2026-06-15,26073.0,62.0
2026-06-16,27778.0,62.0
2026-06-17,27434.0,62.0
2026-06-18,28901.0,62.0
2026-06-22,29863.0,62.0
2026-06-23,27686.0,5286.0
2026-06-24,27736.0,5286.0
2026-06-25,29980.0,5296.0
2026-06-26,31696.0,5296.0
2026-06-29,33246.0,5296.0
2026-06-30,32426.0,5296.0
2026-07-01,34194.0,7327.0
2026-07-02,31768.0,7327.0
2026-07-03,30880.0,8328.0
2026-07-06,30010.0,8328.0
2026-07-07,29906.0,26516.0
2026-07-08,29747.0,26516.0
2026-07-09,29816.0,29816.0
2026-07-10,29816.0,29816.0
2026-07-13,29816.0,29816.0
2026-07-14,29816.0,29816.0
2026-07-15,29816.0,29816.0
2026-07-16,29816.0,29816.0
2026-07-17,29816.0,29816.0
2026-07-20,29816.0,29816.0
2026-07-21,29816.0,29816.0
2026-07-22,29816.0,29816.0
2026-07-23,29816.0,29816.0
2026-07-24,29816.0,29816.0
2026-07-27,29816.0,29816.0
2026-07-28,29816.0,29816.0
2026-07-29,29816.0,29816.0
2026-07-30,29816.0,29816.0
2026-07-31,29816.0,29816.0
2026-08-03,29902.0,4820.0
2026-08-04,31281.0,4820.0
2026-08-05,32439.0,4820.0
2026-08-06,33901.0,4820.0
2026-08-07,32989.0,4820.0
2026-08-10,33743.0,4820.0
2026-08-11,33201.0,4820.0
2026-08-12,32860.0,4820.0
2026-08-13,32680.0,4820.0
2026-08-14,32393.0,4820.0
2026-08-17,32540.0,4820.0
2026-08-18,32446.0,4820.0
2026-08-19,30507.0,4820.0
2026-08-20,30768.0,22136.0
2026-08-21,30612.0,22136.0
2026-08-24,30729.0,22136.0
2026-08-25,30755.0,22136.0
2026-08-26,30625.0,22136.0
2026-08-27,30794.0,22136.0
2026-08-28,31067.0,22136.0
2026-08-31,31002.0,22136.0
2026-09-01,33521.0,6007.000000000004
2026-09-02,30795.000000000007,6007.000000000004
2026-09-03,29805.000000000004,6007.000000000004
2026-09-04,32084.000000000004,6007.000000000004
2026-09-07,34629.0,6007.000000000004
2026-09-08,37349.0,6007.000000000004
2026-09-09,38754.0,6007.000000000004
2026-09-10,39942.0,6007.000000000004
2026-09-11,38535.0,6007.000000000004
2026-09-14,35348.0,6007.000000000004
2026-09-15,32507.000000000007,6007.000000000004
2026-09-16,31234.000000000004,30558.000000000004
2026-09-17,31272.000000000004,30558.000000000004
2026-09-18,31264.000000000004,30558.000000000004
2026-09-21,31280.000000000004,30558.000000000004
2026-09-22,31276.000000000004,30558.000000000004
2026-09-23,31257.000000000004,30558.000000000004
2026-09-24,31238.000000000004,30558.000000000004
