date,code,shares,price,value,locked_shares,entry,peak,utility,pending_exit
2026-01-27,002151.SZ,500,45.65,22825.0,0,45.32,45.65,-0.0004026921423567251,False
2026-01-27,002465.SZ,100,17.82,1782.0,0,17.62,17.82,-6.804901824349248e-05,False
2026-01-27,601106.SH,100,5.55,555.0,0,5.6,5.6,-0.0002017043822756142,False
2026-01-28,002151.SZ,500,44.63,22315.0,0,45.32,45.65,0.0008015123082164277,False
2026-01-28,002465.SZ,100,17.23,1723.0,0,17.62,17.82,0.0014983426286661941,False
2026-01-28,601106.SH,100,5.42,542.0,0,5.6,5.6,0.0002382176246715172,False
2026-01-29,002151.SZ,500,44.34,22170.0,0,45.32,45.65,-2.9250485021762207e-05,False
2026-01-29,002465.SZ,100,17.51,1751.0000000000002,0,17.62,17.82,-0.00022165889122498206,False
2026-01-29,601106.SH,100,5.31,531.0,0,5.6,5.6,-0.0005545757473970796,False
2026-01-30,002151.SZ,500,43.67,21835.0,0,45.32,45.65,0.0023816005840316978,False
2026-01-30,002465.SZ,100,17.49,1748.9999999999998,0,17.62,17.82,0.0009729209351481151,False
2026-01-30,601106.SH,100,5.12,512.0,0,5.6,5.6,0.001680575627539186,True
2026-02-02,002151.SZ,500,43.94,21970.0,0,45.32,45.65,0.0013300015071550562,False
2026-02-02,002465.SZ,100,17.0,1700.0,0,17.62,17.82,0.003453011676720737,False
2026-02-02,000981.SZ,100,4.77,476.99999999999994,0,4.66,4.77,0.0010673013124403385,False
2026-02-03,002151.SZ,500,44.75,22375.0,0,45.32,45.65,-0.006526660252015959,True
2026-02-03,002465.SZ,100,17.87,1787.0,0,17.62,17.87,-0.006183258213250891,True
2026-02-03,000981.SZ,100,4.92,492.0,0,4.66,4.92,-0.007106596101743292,False
2026-02-04,000981.SZ,100,5.14,514.0,0,4.66,5.14,-0.00805001669296331,False
2026-02-05,000981.SZ,100,4.82,482.0,0,4.66,5.14,-0.00947040879381685,False
2026-02-06,000981.SZ,100,4.77,476.99999999999994,0,4.66,5.14,-0.009786853975517672,False
2026-02-09,000981.SZ,100,4.78,478.0,0,4.66,5.14,-0.036385498225777704,True
2026-04-01,603501.SH,200,96.05,19210.0,0,96.84,96.84,0.0074222784162329865,False
2026-04-01,600150.SH,100,31.05,3105.0,0,31.3,31.3,0.007857128632609466,False
2026-04-01,601688.SH,100,18.2,1820.0,0,18.12,18.2,0.005853226539980265,False
2026-04-02,603501.SH,200,91.35,18270.0,0,96.84,96.84,0.007384764501098631,False
2026-04-02,600150.SH,100,30.9,3090.0,0,31.3,31.3,0.006461739582159801,False
2026-04-02,601688.SH,100,17.72,1772.0,0,18.12,18.2,0.006248952166514057,False
2026-04-03,603501.SH,200,90.15,18030.0,0,96.84,96.84,0.02812893314990101,False
2026-04-03,600150.SH,100,30.51,3051.0,0,31.3,31.3,0.02769908966806077,False
2026-04-03,601688.SH,100,17.67,1767.0000000000002,0,18.12,18.2,0.01625658198492712,False
2026-04-07,603501.SH,200,90.82,18164.0,0,96.84,96.84,0.024421782738024124,False
2026-04-07,600150.SH,100,31.98,3198.0,0,31.3,31.98,0.014073021272716315,False
2026-04-07,601688.SH,100,17.59,1759.0,0,18.12,18.2,0.011368767629291114,False
2026-04-08,603501.SH,200,95.45,19090.0,0,96.84,96.84,0.0027593358796694093,False
2026-04-08,600150.SH,100,32.42,3242.0,0,31.3,32.42,-0.0006219169647322933,False
2026-04-08,601688.SH,100,18.31,1830.9999999999998,0,18.12,18.31,0.0018065081017844056,False
2026-04-09,603501.SH,200,94.24,18848.0,0,96.84,96.84,0.01274098658828076,False
2026-04-09,600150.SH,100,32.23,3222.9999999999995,0,31.3,32.42,0.00870814372765391,False
2026-04-09,601688.SH,100,17.93,1793.0,0,18.12,18.31,0.010320058466876319,False
2026-04-10,603501.SH,200,95.35,19070.0,0,96.84,96.84,0.006383712574128499,False
2026-04-10,600150.SH,100,32.65,3265.0,0,31.3,32.65,0.00048426733526788987,False
2026-04-10,601688.SH,100,18.72,1872.0,0,18.12,18.72,0.004996491568969244,False
2026-04-13,603501.SH,200,94.83,18966.0,0,96.84,96.84,0.025016125091407646,False
2026-04-13,600150.SH,100,32.66,3265.9999999999995,0,31.3,32.66,0.0184487546537757,False
2026-04-13,601688.SH,100,18.94,1894.0000000000002,0,18.12,18.94,0.01722286805285173,False
2026-04-14,603501.SH,200,94.66,18932.0,0,96.84,96.84,0.023623233808927127,False
2026-04-14,600150.SH,100,33.0,3300.0,0,31.3,33.0,0.01740015147199546,False
2026-04-14,601688.SH,100,18.93,1893.0,0,18.12,18.94,0.01851409256550717,False
2026-04-15,603501.SH,200,92.31,18462.0,0,96.84,96.84,0.01735621896810526,False
2026-04-15,600150.SH,100,32.71,3271.0,0,31.3,33.0,0.014128932637593159,False
2026-04-15,601688.SH,100,18.87,1887.0,0,18.12,18.94,0.013605362880192224,False
2026-04-16,603501.SH,200,93.71,18742.0,0,96.84,96.84,0.016779777682884613,False
2026-04-16,600150.SH,100,32.72,3272.0,0,31.3,33.0,0.014007667465534699,False
2026-04-16,601688.SH,100,19.01,1901.0000000000002,0,18.12,19.01,0.012281294338715209,False
2026-04-17,603501.SH,200,93.04,18608.0,0,96.84,96.84,0.0034871848819312094,False
2026-04-17,600150.SH,100,33.03,3303.0,0,31.3,33.03,0.00045504292321137303,False
2026-04-17,601688.SH,100,19.07,1907.0,0,18.12,19.07,0.0008694200152730649,False
2026-04-20,603501.SH,200,93.78,18756.0,0,96.84,96.84,-6.881233198783882e-05,True
2026-04-20,600150.SH,100,35.28,3528.0,0,31.3,35.28,-0.004879210643135564,True
2026-04-20,601688.SH,100,18.97,1897.0,0,18.12,19.07,-0.0023538436227368044,True
2026-04-24,600809.SH,100,141.95,14194.999999999998,0,141.06,141.95,0.0017585698610033326,False
2026-04-24,600406.SH,300,26.54,7962.0,0,26.83,26.83,0.001697528398166676,False
2026-04-27,600809.SH,100,138.31,13831.0,0,141.06,141.95,-0.0006463077073838881,False
2026-04-27,600406.SH,300,26.23,7869.0,0,26.83,26.83,-0.0010787682841603332,False
2026-04-28,600809.SH,100,138.72,13872.0,0,141.06,141.95,-0.00292864575951493,False
2026-04-28,600406.SH,300,26.07,7821.0,0,26.83,26.83,-0.002467367272622866,False
2026-04-29,600809.SH,100,143.14,14313.999999999998,0,141.06,143.14,-0.003357246472883803,False
2026-04-29,600406.SH,300,26.62,7986.0,0,26.83,26.83,-0.0020301892014692726,False
2026-04-30,600809.SH,100,143.35,14335.0,0,141.06,143.35,-0.0037844339402774057,False
2026-04-30,600406.SH,300,25.97,7791.0,0,26.83,26.83,-0.002716042579348203,False
2026-05-06,600809.SH,100,140.92,14091.999999999998,0,141.06,143.35,-0.005068568911838883,True
2026-05-06,600406.SH,300,26.22,7866.0,0,26.83,26.83,-0.0018423326354221736,True
2026-06-03,601888.SH,400,57.05,22820.0,0,56.48,57.05,-0.00031642175607872816,False
2026-06-03,601857.SH,100,10.85,1085.0,0,10.7,10.85,0.00020420961624557313,False
2026-06-04,601888.SH,400,55.59,22236.0,0,56.48,57.05,0.0008030372305938569,False
2026-06-04,601857.SH,100,10.65,1065.0,0,10.7,10.85,0.001816169718065746,False
2026-06-05,601888.SH,400,57.2,22880.0,0,56.48,57.2,0.0011548939537379633,False
2026-06-05,601857.SH,100,10.61,1061.0,0,10.7,10.85,0.002392125360117657,False
2026-06-08,601888.SH,400,57.45,22980.0,0,56.48,57.45,0.008175643709488936,False
2026-06-08,601857.SH,100,10.95,1095.0,0,10.7,10.95,0.006906423443049774,False
2026-06-09,601888.SH,400,57.38,22952.0,0,56.48,57.45,0.007434518199585304,False
2026-06-09,601857.SH,100,10.34,1034.0,0,10.7,10.95,0.009873186819426474,False
2026-06-10,601888.SH,400,58.05,23220.0,0,56.48,58.05,0.007217322620313516,True
2026-06-10,601857.SH,100,10.24,1024.0,0,10.7,10.95,0.009150910705156355,True
2026-06-11,600089.SH,1100,22.75,25025.0,0,22.31,22.75,0.023396256603187244,False
2026-06-12,600089.SH,1100,23.03,25333.0,0,22.31,23.03,0.01732059317877644,False
2026-06-15,600089.SH,1100,23.81,26191.0,0,22.31,23.81,0.0019979246945795144,False
2026-06-16,600089.SH,1100,24.11,26521.0,0,22.31,24.11,0.000745424271309256,False
2026-06-17,600089.SH,1100,23.44,25784.0,0,22.31,24.11,0.0029241195680576376,False
2026-06-18,600089.SH,1100,23.32,25652.0,0,22.31,24.11,0.0036646998471125663,False
2026-06-22,600089.SH,1100,25.08,27587.999999999996,0,22.31,25.08,-8.38037266997901e-05,True
2026-06-23,600118.SH,300,71.57,21470.999999999996,0,74.92,74.92,0.0034535307727124147,False
2026-06-23,600879.SH,100,18.88,1888.0,0,19.81,19.81,0.0034535307727124147,False
2026-06-24,600118.SH,300,71.8,21540.0,0,74.92,74.92,0.004879338801788145,False
2026-06-24,600879.SH,100,19.26,1926.0000000000002,0,19.81,19.81,0.003932361919736902,False
2026-06-24,601600.SH,200,9.09,1818.0,0,9.0,9.09,0.005309344702223102,False
2026-06-25,600118.SH,300,70.7,21210.0,0,74.92,74.92,0.004737339191593236,False
2026-06-25,600879.SH,100,18.95,1895.0,0,19.81,19.81,0.004606414286078034,False
2026-06-25,601600.SH,200,8.8,1760.0000000000002,0,9.0,9.09,0.00431594436579831,False
2026-06-26,600118.SH,300,77.77,23331.0,0,74.92,77.77,0.004546848764145581,False
2026-06-26,600879.SH,100,20.02,2002.0,0,19.81,20.02,0.0014137972111833265,False
2026-06-26,601600.SH,200,8.4,1680.0,0,9.0,9.09,0.007383363035688163,False
2026-06-29,600118.SH,300,81.02,24306.0,0,74.92,81.02,6.120048230796437e-05,False
2026-06-29,600879.SH,100,19.79,1979.0,0,19.81,20.02,0.00017046121138868022,False
2026-06-29,601600.SH,200,8.54,1707.9999999999998,0,9.0,9.09,0.005088504779557656,False
2026-06-30,600118.SH,300,82.05,24615.0,0,74.92,82.05,-0.0023041001354422224,True
2026-06-30,600879.SH,100,21.29,2129.0,0,19.81,21.29,-0.002183688398624233,True
2026-06-30,601600.SH,200,8.22,1644.0000000000002,0,9.0,9.09,0.009702030620047309,True
2026-07-01,002594.SZ,300,80.66,24198.0,0,79.9,80.66,0.006159971485804691,False
2026-07-01,601398.SH,100,7.06,706.0,0,7.05,7.06,-0.000875330520472391,False
2026-07-02,002594.SZ,300,83.57,25070.999999999996,0,79.9,83.57,0.002589754467406823,False
2026-07-02,601398.SH,100,7.05,705.0,0,7.05,7.06,0.00030348934447582297,False
2026-07-03,002594.SZ,300,88.47,26541.0,0,79.9,88.47,-0.0001307643306832848,False
2026-07-03,601398.SH,100,7.04,704.0,0,7.05,7.06,-0.0011242302524862879,False
2026-07-06,002594.SZ,300,87.54,26262.000000000004,0,79.9,88.47,0.0014684277802677814,False
2026-07-06,601398.SH,100,7.12,712.0,0,7.05,7.12,-0.0006196764764127569,False
2026-07-07,002594.SZ,300,86.26,25878.0,0,79.9,88.47,0.002831502442047545,False
2026-07-07,601398.SH,100,7.26,726.0,0,7.05,7.26,1.925126100649644e-05,False
2026-07-08,002594.SZ,300,87.8,26340.0,0,79.9,88.47,0.00010622218477139046,False
2026-07-08,601398.SH,100,7.37,737.0,0,7.05,7.37,-0.00046901419464326745,True
2026-07-09,002594.SZ,300,86.87,26061.0,0,79.9,88.47,-0.0011765085304068596,True
2026-07-10,605117.SH,200,84.0,16800.0,0,85.98,85.98,0.0011231091446401694,False
2026-07-10,600418.SH,300,24.67,7401.000000000001,0,24.44,24.67,-1.7049319068569192e-05,False
2026-07-13,605117.SH,200,84.18,16836.0,0,85.98,85.98,0.0011463119666163127,False
2026-07-13,600418.SH,300,22.63,6789.0,0,24.44,24.67,0.0008328599450889299,False
2026-07-13,002131.SZ,100,4.23,423.00000000000006,0,4.63,4.63,0.0016634014847126642,True
2026-07-14,605117.SH,200,85.7,17140.0,0,85.98,85.98,0.00263972921236693,False
2026-07-14,600418.SH,300,22.5,6750.0,0,24.44,24.67,0.0010653347624848134,False
2026-07-15,605117.SH,200,85.4,17080.0,0,85.98,85.98,0.0011275707276467662,False
2026-07-15,600418.SH,300,22.5,6750.0,0,24.44,24.67,-0.00030608959004562244,False
2026-07-16,605117.SH,200,82.62,16524.0,0,85.98,85.98,0.001251639313157196,False
2026-07-16,600418.SH,300,22.97,6891.0,0,24.44,24.67,-0.0005527147655472291,False
2026-07-16,002600.SZ,100,12.61,1261.0,0,12.52,12.61,-0.000850935888011801,False
2026-07-17,605117.SH,200,80.15,16030.000000000002,0,85.98,85.98,0.011460899791655405,False
2026-07-17,600418.SH,300,21.35,6405.0,0,24.44,24.67,0.010608920366475944,True
2026-07-17,002600.SZ,100,11.41,1141.0,0,12.52,12.61,0.011252053877091137,True
2026-07-20,600089.SH,400,19.2,7680.0,0,18.66,19.2,0.011411873834077262,False
2026-07-20,605117.SH,200,79.4,15880.000000000002,0,85.98,85.98,0.011287239231368429,False
2026-07-20,600703.SH,100,11.6,1160.0,0,12.7,12.7,0.009087407838524296,True
2026-07-21,600089.SH,400,19.5,7800.0,0,18.66,19.5,0.010376168896402357,False
2026-07-21,605117.SH,200,81.27,16254.0,0,85.98,85.98,0.011335370539289409,False
2026-07-21,601179.SH,100,12.35,1235.0,0,12.36,12.36,0.012149875002726632,False
2026-07-22,600089.SH,400,19.78,7912.0,0,18.66,19.78,0.004324032225542306,False
2026-07-22,605117.SH,200,80.46,16091.999999999998,0,85.98,85.98,0.01133591543372035,False
2026-07-22,601179.SH,100,12.41,1241.0,0,12.36,12.41,0.011083073215239967,False
2026-07-23,600089.SH,400,21.53,8612.0,0,18.66,21.53,-0.0075767252887356164,False
2026-07-23,605117.SH,200,88.51,17702.0,0,85.98,88.51,-0.008777314530971692,True
2026-07-23,601179.SH,100,13.65,1365.0,0,12.36,13.65,-0.00689637447444345,False
2026-07-24,600089.SH,400,20.39,8156.0,0,18.66,21.53,-0.004412988757651934,False
2026-07-24,601179.SH,100,13.55,1355.0,0,12.36,13.65,-0.008076374940243932,False
2026-07-27,600089.SH,400,20.65,8260.0,0,18.66,21.53,-0.007246671332979696,True
2026-07-27,601179.SH,100,14.09,1409.0,0,12.36,14.09,-0.01085383015890585,False
2026-07-28,601179.SH,100,13.44,1344.0,0,12.36,14.09,-0.016390367305703434,True
2026-09-18,603019.SH,100,84.3,8430.0,0,83.49,84.3,0.007907277099442507,False
2026-09-18,600276.SH,300,43.91,13172.999999999998,0,43.52,43.91,0.009198194866271046,False
2026-09-18,002050.SZ,100,35.31,3531.0,0,35.33,35.33,0.008255360446452528,False
2026-09-21,603019.SH,100,83.94,8394.0,0,83.49,84.3,-0.00041657998088209434,False
2026-09-21,600276.SH,300,46.04,13812.0,0,43.52,46.04,0.0006016073243986475,False
2026-09-21,002050.SZ,100,36.18,3618.0,0,35.33,36.18,0.00025298111922235095,False
2026-09-22,603019.SH,100,84.67,8467.0,0,83.49,84.67,0.001299517468804328,False
2026-09-22,600276.SH,300,45.72,13716.0,0,43.52,46.04,0.002221388757681248,False
2026-09-22,002050.SZ,100,36.2,3620.0000000000005,0,35.33,36.2,0.0015300394170506167,False
2026-09-23,603019.SH,100,83.5,8350.0,0,83.49,84.67,0.0005878142728338095,False
2026-09-23,600276.SH,300,45.58,13674.0,0,43.52,46.04,0.0007031903008741234,False
2026-09-23,002050.SZ,100,35.99,3599.0,0,35.33,36.2,0.0009858517080046456,False
2026-09-24,603019.SH,100,82.17,8217.0,0,83.49,84.67,,False
2026-09-24,600276.SH,300,44.86,13458.0,0,43.52,46.04,,False
2026-09-24,002050.SZ,100,36.08,3608.0,0,35.33,36.2,,False
