date,equity,target,invested,cash,holdings,retained
2023-01-03,25000.0,8750.0,8715.0,16285.0,3,0
2023-02-01,26377.0,8750.0,8736.0,17641.0,1,0
2023-03-01,26507.0,8750.0,8712.0,17795.0,2,0
2023-04-03,26679.0,25000.0,24992.0,1687.0,2,0
2023-05-04,34647.0,25000.0,24800.0,9847.0,1,0
2023-06-01,37131.0,25000.0,24955.0,12176.0,3,0
2023-07-03,37430.0,25000.0,24960.0,12470.0,2,0
2023-08-01,36130.0,8750.0,8727.0,27403.0,2,0
2023-09-01,35839.0,8750.0,8690.0,27149.0,2,0
2023-10-09,35859.0,25000.0,24882.0,10977.0,2,0
2023-11-01,35134.0,8750.0,8744.0,26390.0,2,0
2023-12-01,34957.0,8750.0,8642.0,26315.0,2,0
2024-01-02,34690.0,8750.0,8746.0,25944.0,3,1
2024-02-01,36313.0,8750.0,8730.0,27583.0,1,0
2024-03-01,36823.0,8750.0,8714.0,28109.0,2,0
2024-04-01,37181.0,8750.0,8743.0,28438.0,3,0
2024-05-06,37239.0,8750.0,8728.0,28511.0,3,0
2024-06-03,36955.0,25000.0,24974.0,11981.0,3,0
2024-07-01,34339.0,8750.0,8734.0,25605.0,2,0
2024-08-01,33989.0,8750.0,8748.0,25241.0,3,0
2024-09-02,33794.0,8750.0,8707.0,25087.0,2,0
2024-10-08,35130.91,25000.0,24975.0,10155.910000000003,1,0
2024-11-01,31080.91,25000.0,24896.0,6184.91,1,0
2024-12-02,22824.91,22824.91,22808.0,16.909999999999854,2,0
2025-01-02,25629.91,25000.0,24998.0,631.9099999999999,2,0
2025-02-05,22153.91,7753.8685,7752.0,14401.91,3,0
2025-03-03,22595.91,7908.568499999999,7877.0,14718.91,3,0
2025-04-01,22311.91,7809.1685,7701.999999999999,14609.91,2,0
2025-05-06,23033.91,8061.8685,8020.999999999999,15012.91,2,0
2025-06-03,22470.91,7864.818499999999,7856.0,14614.91,2,0
2025-07-01,22405.91,7842.068499999999,7812.0,14593.91,3,0
2025-08-01,23055.91,8069.568499999999,8031.0,15024.91,3,0
2025-09-01,24181.91,8463.6685,8432.0,15749.91,4,0
2025-10-09,26990.91,25000.0,24953.0,2037.9099999999999,3,0
2025-11-03,21872.91,21872.91,21853.0,19.909999999999826,4,1
2025-12-01,21952.91,21952.91,21897.0,55.909999999999854,3,0
2026-01-05,23610.91,23610.91,23591.0,19.91000000000031,3,0
2026-02-02,26696.91,25000.0,24969.0,1727.9099999999999,3,0
2026-03-02,29673.91,25000.0,24961.0,4712.91,2,0
2026-04-01,27972.91,25000.0,24982.0,2990.91,2,0
2026-05-06,24787.91,24787.91,24649.0,138.90999999999985,2,0
2026-06-01,21175.91,21175.91,21166.0,9.909999999999854,3,0
2026-07-01,44397.91,8750.0,8613.0,35784.91,3,0
2026-08-03,41398.91,8750.0,8735.0,32663.910000000003,4,0
2026-09-01,43071.91,8750.0,8744.0,34327.91,3,0
