date,code,shares,close,value
2023-01-31,601728.SH,1700,5.0,8500.0
2023-01-31,600790.SH,100,4.7,470.0
2023-01-31,600350.SH,200,5.94,1188.0
2023-02-28,600583.SH,1300,6.82,8866.0
2023-03-31,000729.SZ,1700,14.01,23817.0
2023-04-28,603083.SH,400,63.0,25200.0
2023-06-30,600674.SH,1600,15.05,24080.0
2023-06-30,003816.SZ,300,3.11,933.0
2023-06-30,002445.SZ,100,2.42,242.0
2023-07-31,002014.SZ,800,9.07,7256.0
2023-08-31,000598.SZ,100,5.25,525.0
2023-09-28,600008.SH,100,2.84,284.0
2023-10-31,600398.SH,3200,7.44,23808.0
2023-10-31,600282.SH,100,3.8,380.0
2023-11-30,600398.SH,100,7.58,758.0
2023-11-30,600282.SH,2100,3.71,7791.0
2023-12-29,603958.SH,900,9.07,8163.0
2024-01-31,600282.SH,100,3.7,370.0
2024-01-31,000709.SZ,100,2.08,208.0
2024-02-29,600025.SH,1000,9.28,9280.0
2024-03-29,002884.SZ,400,19.2,7680.0
2024-04-30,600398.SH,100,9.11,911.0
2024-04-30,002327.SZ,600,10.96,6576.000000000001
2024-04-30,600863.SH,300,4.37,1311.0
2024-05-31,601168.SH,400,18.59,7436.0
2024-05-31,600795.SH,100,5.37,537.0
2024-05-31,601212.SH,100,3.13,313.0
2024-06-28,600795.SH,300,5.99,1797.0
2024-06-28,600219.SH,100,3.81,381.0
2024-07-31,600350.SH,900,8.51,7659.0
2024-08-30,003816.SZ,200,4.78,956.0
2024-08-30,600025.SH,300,10.99,3297.0
2024-08-30,601985.SH,400,10.94,4376.0
2024-09-30,601728.SH,100,6.71,671.0
2024-09-30,600028.SH,1200,6.96,8352.0
2024-12-31,600539.SH,300,6.94,2082.0
2025-02-28,603766.SH,800,10.67,8536.0
2025-02-28,002489.SZ,100,3.42,342.0
2025-02-28,000981.SZ,100,2.22,222.00000000000003
2025-03-31,603766.SH,400,11.55,4620.0
2025-04-30,002517.SZ,500,17.0,8500.0
2025-04-30,600866.SH,100,7.56,756.0
2025-06-30,002479.SZ,1700,5.01,8517.0
2025-07-31,600455.SH,300,28.33,8499.0
2025-07-31,002712.SZ,100,6.09,609.0
2025-08-29,002017.SZ,1000,28.46,28460.0
2025-09-30,002558.SZ,700,45.18,31626.0
2025-11-28,002532.SZ,100,12.77,1277.0
2025-12-31,000893.SZ,500,47.97,23985.0
2026-01-30,000893.SZ,500,56.02,28010.0
2026-01-30,600370.SH,300,2.55,765.0
2026-02-27,002545.SZ,700,27.24,19068.0
2026-02-27,000657.SZ,100,66.22,6622.0
2026-02-27,603901.SH,100,14.36,1436.0
2026-03-31,002128.SZ,200,30.07,6014.0
2026-04-30,600157.SH,100,1.77,177.0
2026-06-30,002636.SZ,400,119.97,47988.0
2026-06-30,000725.SZ,100,8.68,868.0
2026-07-31,601868.SH,100,2.6,260.0
2026-08-31,600157.SH,100,1.57,157.0
2026-08-31,600985.SH,500,18.74,9370.0
2026-08-31,600688.SH,100,2.93,293.0
2026-09-24,600060.SH,300,27.1,8130.0
2026-09-24,603077.SH,100,2.22,222.00000000000003
2026-09-24,601992.SH,100,1.4,140.0
