date,code,side,shares,price,reason,signal_date
2023-01-03,601728.SH,buy,1700,4.18,rebalance,2022-12-31
2023-01-03,600790.SH,buy,100,4.67,rebalance,2022-12-31
2023-01-03,600350.SH,buy,200,5.71,rebalance,2022-12-31
2023-02-01,601728.SH,sell,1700,4.96,rebalance,
2023-02-01,600790.SH,sell,100,4.7,rebalance,
2023-02-01,600350.SH,sell,200,5.95,rebalance,
2023-02-01,600583.SH,buy,1300,6.72,rebalance,2023-01-31
2023-03-01,600583.SH,sell,1300,6.82,rebalance,
2023-03-01,000729.SZ,buy,1800,13.49,rebalance,2023-02-28
2023-03-01,603021.SH,buy,100,6.7,rebalance,2023-02-28
2023-03-13,603021.SH,sell,100,6.11,hard_stop,2023-03-10
2023-04-03,000729.SZ,sell,1800,13.93,rebalance,
2023-04-03,603083.SH,buy,400,37.43,rebalance,2023-03-31
2023-04-03,000070.SZ,buy,1000,10.02,rebalance,2023-03-31
2023-04-18,000070.SZ,sell,1000,9.12,hard_stop,2023-04-17
2023-05-04,603083.SH,sell,400,62.0,rebalance,
2023-05-04,603083.SH,buy,400,62.0,rebalance,2023-04-30
2023-05-11,603083.SH,sell,400,54.0,hard_stop,2023-05-10
2023-06-01,600674.SH,buy,1600,14.86,rebalance,2023-05-31
2023-06-01,003816.SZ,buy,300,3.12,rebalance,2023-05-31
2023-06-01,002445.SZ,buy,100,2.43,rebalance,2023-05-31
2023-07-03,600674.SH,sell,1600,15.05,rebalance,
2023-07-03,003816.SZ,sell,300,3.11,rebalance,
2023-07-03,002445.SZ,sell,100,2.41,rebalance,
2023-07-03,002862.SZ,buy,1300,19.11,rebalance,2023-06-30
2023-08-01,002862.SZ,sell,1300,18.5,rebalance,
2023-08-01,002014.SZ,buy,900,9.07,rebalance,2023-07-31
2023-08-01,000598.SZ,buy,100,5.64,rebalance,2023-07-31
2023-08-23,002014.SZ,sell,900,8.27,hard_stop,2023-08-22
2023-09-01,000598.SZ,sell,100,5.25,rebalance,
2023-09-01,600398.SH,buy,1100,7.64,rebalance,2023-08-31
2023-09-01,003816.SZ,buy,100,3.14,rebalance,2023-08-31
2023-09-06,600398.SH,sell,1100,6.99,hard_stop,2023-09-05
2023-10-09,003816.SZ,sell,100,3.14,rebalance,
2023-10-09,600398.SH,buy,3200,7.66,rebalance,2023-09-30
2023-10-09,600282.SH,buy,100,3.7,rebalance,2023-09-30
2023-11-01,600398.SH,sell,3200,7.43,rebalance,
2023-11-01,600282.SH,sell,100,3.81,rebalance,
2023-11-01,600282.SH,buy,2100,3.81,rebalance,2023-10-31
2023-11-01,600398.SH,buy,100,7.43,rebalance,2023-10-31
2023-12-01,600398.SH,sell,100,7.55,rebalance,
2023-12-01,600282.SH,sell,2100,3.72,rebalance,
2023-12-01,603958.SH,buy,800,9.35,rebalance,2023-11-30
2023-12-01,002521.SZ,buy,100,8.24,rebalance,2023-11-30
2023-12-01,600282.SH,buy,100,3.72,rebalance,2023-11-30
2023-12-22,002521.SZ,sell,100,7.4,hard_stop,2023-12-21
2024-01-02,600282.SH,sell,100,3.7,rebalance,
2024-01-02,600282.SH,buy,400,3.7,rebalance,2023-12-31
2024-01-22,603958.SH,sell,800,14.62,range_take_profit,2024-01-19
2024-02-01,600282.SH,sell,400,3.7,rebalance,
2024-02-01,600025.SH,buy,1000,8.73,rebalance,2024-01-31
2024-03-01,600025.SH,sell,1000,9.24,rebalance,
2024-03-01,002884.SZ,buy,400,17.91,rebalance,2024-02-29
2024-03-01,601519.SH,buy,200,7.75,rebalance,2024-02-29
2024-03-26,601519.SH,sell,200,7.04,hard_stop,2024-03-25
2024-04-01,002884.SZ,sell,400,19.18,rebalance,
2024-04-01,002327.SZ,buy,600,10.75,rebalance,2024-03-31
2024-04-01,600863.SH,buy,300,4.65,rebalance,2024-03-31
2024-04-01,600398.SH,buy,100,8.98,rebalance,2024-03-31
2024-05-06,600398.SH,sell,100,9.11,rebalance,
2024-05-06,002327.SZ,sell,600,10.96,rebalance,
2024-05-06,600863.SH,sell,300,4.38,rebalance,
2024-05-06,601168.SH,buy,400,19.77,rebalance,2024-04-30
2024-05-06,600795.SH,buy,100,5.13,rebalance,2024-04-30
2024-05-06,601212.SH,buy,100,3.07,rebalance,2024-04-30
2024-06-03,601168.SH,sell,400,18.49,rebalance,
2024-06-03,600795.SH,sell,100,5.37,rebalance,
2024-06-03,601212.SH,sell,100,3.11,rebalance,
2024-06-03,000933.SZ,buy,1000,22.98,rebalance,2024-05-31
2024-06-03,600795.SH,buy,300,5.37,rebalance,2024-05-31
2024-06-03,600219.SH,buy,100,3.83,rebalance,2024-05-31
2024-06-27,000933.SZ,sell,1000,20.82,hard_stop,2024-06-26
2024-07-01,600795.SH,sell,300,5.96,rebalance,
2024-07-01,600219.SH,sell,100,3.8,rebalance,
2024-07-01,600350.SH,buy,900,8.86,rebalance,2024-06-30
2024-07-01,600219.SH,buy,200,3.8,rebalance,2024-06-30
2024-07-26,600219.SH,sell,200,3.49,hard_stop,2024-07-25
2024-08-01,600350.SH,sell,900,8.5,rebalance,
2024-08-01,600025.SH,buy,300,11.4,rebalance,2024-07-31
2024-08-01,601985.SH,buy,400,11.0,rebalance,2024-07-31
2024-08-01,003816.SZ,buy,200,4.64,rebalance,2024-07-31
2024-09-02,003816.SZ,sell,200,4.75,rebalance,
2024-09-02,600025.SH,sell,300,10.89,rebalance,
2024-09-02,601985.SH,sell,400,10.84,rebalance,
2024-09-02,600028.SH,buy,1200,6.75,rebalance,2024-08-31
2024-09-02,601728.SH,buy,100,6.07,rebalance,2024-08-31
2024-10-08,601728.SH,sell,100,7.32,rebalance,
2024-10-08,600028.SH,sell,1200,7.6,rebalance,
2024-10-08,601298.SH,buy,2500,9.99,rebalance,2024-09-30
2024-10-09,601298.SH,sell,2500,9.03,hard_stop,2024-10-08
2024-11-01,600198.SH,buy,1600,15.56,rebalance,2024-10-31
2024-11-05,600198.SH,sell,1600,12.36,hard_stop,2024-11-04
2024-12-02,603988.SH,buy,1000,23.78,rebalance,2024-11-30
2024-12-02,002611.SZ,buy,100,11.3,rebalance,2024-11-30
2024-12-11,603988.SH,sell,1000,20.9,hard_stop,2024-12-10
2024-12-17,002611.SZ,sell,100,11.2,trailing_profit,2024-12-16
2025-01-02,601933.SH,buy,3600,6.3,rebalance,2024-12-31
2025-01-02,000564.SZ,buy,100,3.39,rebalance,2024-12-31
2025-01-02,000882.SZ,buy,100,2.07,rebalance,2024-12-31
2025-01-07,000564.SZ,sell,100,2.9,hard_stop,2025-01-06
2025-01-13,601933.SH,sell,3600,5.3,hard_stop,2025-01-10
2025-02-05,603766.SH,buy,600,10.18,rebalance,2025-01-31
2025-02-05,002195.SZ,buy,100,4.21,rebalance,2025-01-31
2025-02-07,000882.SZ,sell,100,2.67,trailing_profit,2025-02-05
2025-03-03,603766.SH,sell,600,10.66,rebalance,
2025-03-03,002195.SZ,sell,100,5.08,rebalance,
2025-03-03,002837.SZ,buy,100,44.55,rebalance,2025-02-28
2025-03-03,603766.SH,buy,100,10.66,rebalance,2025-02-28
2025-03-03,603166.SH,buy,100,10.25,rebalance,2025-02-28
2025-03-03,000981.SZ,buy,200,2.24,rebalance,2025-02-28
2025-03-13,603166.SH,sell,100,14.1,range_take_profit,2025-03-12
2025-03-27,002837.SZ,sell,100,40.59,hard_stop,2025-03-26
2025-04-01,000981.SZ,sell,200,2.06,hard_stop,2025-03-31
2025-04-01,603766.SH,sell,100,11.55,rebalance,
2025-04-01,002517.SZ,buy,400,16.08,rebalance,2025-03-31
2025-04-01,600662.SH,buy,100,5.35,rebalance,2025-03-31
2025-04-08,600662.SH,sell,100,4.96,hard_stop,2025-04-07
2025-05-06,002517.SZ,sell,400,17.24,rebalance,
2025-05-06,002517.SZ,buy,400,17.24,rebalance,2025-04-30
2025-05-06,600208.SH,buy,100,2.69,rebalance,2025-04-30
2025-05-26,002517.SZ,sell,400,15.8,hard_stop,2025-05-23
2025-06-03,600208.SH,sell,100,2.62,rebalance,
2025-06-03,002479.SZ,buy,1300,5.05,rebalance,2025-05-31
2025-06-03,002069.SZ,buy,100,3.92,rebalance,2025-05-31
2025-07-01,002479.SZ,sell,1300,5.01,rebalance,
2025-07-01,002069.SZ,sell,100,3.88,rebalance,
2025-07-01,600455.SH,buy,200,26.9,rebalance,2025-06-30
2025-07-01,002836.SZ,buy,100,9.43,rebalance,2025-06-30
2025-07-01,002712.SZ,buy,100,5.89,rebalance,2025-06-30
2025-08-01,600455.SH,sell,200,28.4,rebalance,
2025-08-01,002836.SZ,sell,100,9.67,rebalance,
2025-08-01,002712.SZ,sell,100,6.07,rebalance,
2025-08-01,002017.SZ,buy,800,24.5,rebalance,2025-07-31
2025-08-01,600010.SH,buy,200,2.61,rebalance,2025-07-31
2025-09-01,002017.SZ,sell,800,28.46,trailing_profit,2025-08-29
2025-09-01,600010.SH,sell,200,2.81,rebalance,
2025-09-01,002558.SZ,buy,700,31.28,rebalance,2025-08-31
2025-09-01,601929.SH,buy,300,4.81,rebalance,2025-08-31
2025-09-19,601929.SH,sell,300,4.78,trailing_profit,2025-09-18
2025-10-09,002558.SZ,sell,700,45.17,rebalance,
2025-10-09,002558.SZ,buy,500,45.17,rebalance,2025-09-30
2025-10-09,603969.SH,buy,100,10.78,rebalance,2025-09-30
2025-10-09,600651.SH,buy,100,8.8,rebalance,2025-09-30
2025-10-09,000981.SZ,buy,100,4.46,rebalance,2025-09-30
2025-10-13,002558.SZ,sell,500,39.6,hard_stop,2025-10-10
2025-10-20,000981.SZ,sell,100,4.0,hard_stop,2025-10-17
2025-10-31,603969.SH,sell,100,10.0,hard_stop,2025-10-30
2025-11-03,600651.SH,sell,100,8.13,rebalance,
2025-11-03,603993.SH,buy,1400,16.85,rebalance,2025-10-31
2025-11-03,002532.SZ,buy,100,13.35,rebalance,2025-10-31
2025-11-24,603993.SH,sell,1400,15.31,hard_stop,2025-11-21
2025-12-01,002532.SZ,sell,100,13.19,rebalance,
2025-12-01,000893.SZ,buy,500,44.65,rebalance,2025-11-30
2025-12-01,600689.SH,buy,100,15.1,rebalance,2025-11-30
2025-12-01,600556.SH,buy,100,6.77,rebalance,2025-11-30
2025-12-01,600370.SH,buy,200,2.36,rebalance,2025-11-30
2025-12-04,600556.SH,sell,100,6.12,hard_stop,2025-12-03
2025-12-12,600370.SH,sell,200,2.15,hard_stop,2025-12-11
2025-12-15,600689.SH,sell,100,13.65,hard_stop,2025-12-12
2026-01-05,000893.SZ,sell,500,48.51,rebalance,
2026-01-05,000893.SZ,buy,500,48.51,rebalance,2025-12-31
2026-01-05,600370.SH,buy,300,2.25,rebalance,2025-12-31
2026-02-02,000893.SZ,sell,500,55.33,rebalance,
2026-02-02,600370.SH,sell,300,2.57,rebalance,
2026-02-02,002545.SZ,buy,700,26.9,rebalance,2026-01-31
2026-02-02,000657.SZ,buy,100,46.63,rebalance,2026-01-31
2026-02-02,603901.SH,buy,100,14.76,rebalance,2026-01-31
2026-03-02,002545.SZ,sell,700,27.77,rebalance,
2026-03-02,000657.SZ,sell,100,71.0,rebalance,
2026-03-02,603901.SH,sell,100,14.07,rebalance,
2026-03-02,603169.SH,buy,1700,11.05,rebalance,2026-02-28
2026-03-02,002128.SZ,buy,200,30.88,rebalance,2026-02-28
2026-03-27,603169.SH,sell,1700,9.97,hard_stop,2026-03-26
2026-04-01,002128.SZ,sell,200,30.49,rebalance,
2026-04-01,000893.SZ,buy,400,62.0,rebalance,2026-03-31
2026-04-01,600157.SH,buy,100,1.82,rebalance,2026-03-31
2026-04-15,000893.SZ,sell,400,55.6,hard_stop,2026-04-14
2026-05-06,600157.SH,sell,100,1.77,rebalance,
2026-05-06,002810.SZ,buy,800,26.73,rebalance,2026-04-30
2026-05-06,002001.SZ,buy,100,34.7,rebalance,2026-04-30
2026-05-19,002001.SZ,sell,100,31.91,hard_stop,2026-05-18
2026-05-28,002810.SZ,sell,800,24.19,hard_stop,2026-05-27
2026-06-01,002636.SZ,buy,400,53.0,rebalance,2026-05-31
2026-06-01,600330.SH,buy,100,32.14,rebalance,2026-05-31
2026-06-01,000725.SZ,buy,100,5.12,rebalance,2026-05-31
2026-06-08,600330.SH,sell,100,27.93,hard_stop,2026-06-05
2026-07-01,002636.SZ,sell,400,121.9,rebalance,
2026-07-01,000725.SZ,sell,100,8.49,rebalance,
2026-07-01,000636.SZ,buy,100,74.98,rebalance,2026-06-30
2026-07-01,000725.SZ,buy,100,8.49,rebalance,2026-06-30
2026-07-01,601868.SH,buy,100,2.66,rebalance,2026-06-30
2026-07-03,000636.SZ,sell,100,65.5,hard_stop,2026-07-02
2026-07-07,000725.SZ,sell,100,7.66,hard_stop,2026-07-06
2026-08-03,601868.SH,sell,100,2.6,rebalance,
2026-08-03,600985.SH,buy,500,15.03,rebalance,2026-07-31
2026-08-03,000404.SZ,buy,100,7.8,rebalance,2026-07-31
2026-08-03,600157.SH,buy,100,1.58,rebalance,2026-07-31
2026-08-03,601518.SH,buy,100,2.79,rebalance,2026-07-31
2026-08-17,000404.SZ,sell,100,7.09,hard_stop,2026-08-14
2026-09-01,600157.SH,sell,100,1.57,rebalance,
2026-09-01,600985.SH,sell,500,18.5,rebalance,
2026-09-01,601518.SH,sell,100,2.8,rebalance,
2026-09-01,600060.SH,buy,300,27.89,rebalance,2026-08-31
2026-09-01,603077.SH,buy,100,2.37,rebalance,2026-08-31
2026-09-01,601992.SH,buy,100,1.4,rebalance,2026-08-31
