date,code,side,price,down_limit,up_limit,executable
2026-01-05,603790.SH,buy,19.79,17.54,21.44,True
2026-01-05,000782.SZ,buy,4.97,4.46,5.46,True
2026-01-05,603255.SH,buy,29.59,26.39,32.25,True
2026-01-05,002231.SZ,buy,1.33,1.33,1.47,False
2026-01-05,600696.SH,buy,2.76,2.76,3.05,False
2026-01-05,600193.SH,buy,3.85,3.64,4.02,True
2026-01-05,002774.SZ,buy,9.27,8.35,10.21,True
2026-01-05,002581.SZ,buy,7.5,7.13,7.88,True
2026-01-05,002888.SZ,buy,19.72,17.63,21.55,True
2026-01-05,002693.SZ,buy,6.83,6.61,7.31,True
2026-01-05,001395.SZ,buy,43.4,39.07,47.75,True
2026-01-05,603657.SH,buy,29.81,26.82,32.78,True
2026-01-05,603959.SH,buy,5.74,5.17,6.31,True
2026-01-05,002762.SZ,buy,6.96,6.54,7.22,True
2026-01-05,000565.SZ,buy,7.3,6.57,8.03,True
2026-01-05,603151.SH,buy,18.19,16.22,19.82,True
2026-01-05,603630.SH,buy,19.36,17.42,21.3,True
2026-01-05,600692.SH,buy,7.06,6.31,7.71,True
2026-01-05,605169.SH,buy,13.27,11.86,14.5,True
2026-01-05,603177.SH,buy,11.21,10.02,12.24,True
2026-01-05,002630.SZ,buy,2.49,2.38,2.63,True
2026-01-05,003001.SZ,buy,20.22,18.12,22.14,True
2026-01-05,603955.SH,buy,29.0,26.11,31.91,True
2026-01-05,002227.SZ,buy,12.03,10.84,13.24,True
2026-01-05,002715.SZ,buy,17.38,15.62,19.1,True
2026-01-05,002132.SZ,buy,3.55,3.2,3.91,True
2026-01-05,600156.SH,buy,8.46,7.43,9.09,True
2026-01-05,002528.SZ,buy,2.67,2.55,2.81,True
2026-01-05,603811.SH,buy,10.53,9.45,11.55,True
2026-01-05,003020.SZ,buy,25.94,23.29,28.47,True
2026-01-05,600691.SH,buy,2.74,2.48,3.04,True
2026-01-05,002068.SZ,buy,8.85,7.94,9.7,True
2026-01-05,603900.SH,buy,8.5,7.61,9.31,True
2026-01-05,603076.SH,buy,23.5,21.1,25.78,True
2026-01-05,001333.SZ,buy,21.45,19.35,23.65,True
2026-01-05,603559.SH,buy,7.0,6.64,7.34,True
2026-01-05,002731.SZ,buy,12.66,11.3,13.82,True
2026-01-05,002211.SZ,buy,3.2,3.03,3.35,True
2026-01-05,605277.SH,buy,22.02,19.8,24.2,True
2026-01-05,603567.SH,buy,8.97,8.04,9.82,True
2026-01-13,603790.SH,sell,19.65,17.69,21.62,True
2026-01-13,000782.SZ,sell,5.26,4.74,5.8,True
2026-01-13,002630.SZ,sell,2.65,2.53,2.79,True
2026-03-05,605336.SH,buy,13.26,11.9,14.54,True
2026-03-05,001277.SZ,buy,40.29,36.05,44.06,True
2026-03-05,000004.SZ,buy,5.62,5.62,6.22,False
2026-03-13,605336.SH,sell,14.01,12.78,15.62,True
2026-03-20,603255.SH,buy,28.74,25.74,31.46,True
2026-03-20,002836.SZ,buy,14.01,12.57,15.37,True
2026-03-20,600355.SH,buy,0.7,0.7,0.78,False
2026-03-20,001225.SZ,buy,49.87,44.52,54.42,True
2026-03-20,603159.SH,buy,25.2,22.68,27.72,True
2026-03-20,001277.SZ,buy,36.59,32.68,39.94,True
2026-03-20,603755.SH,buy,29.11,26.06,31.86,True
2026-03-20,600696.SH,buy,1.58,1.49,1.65,True
2026-03-20,600608.SH,buy,2.8,2.59,2.87,True
2026-03-20,000782.SZ,buy,5.47,4.88,5.96,True
2026-03-20,000638.SZ,buy,1.27,1.27,1.41,False
2026-03-20,600107.SH,buy,5.31,5.04,5.58,True
2026-03-20,603657.SH,buy,26.63,23.96,29.28,True
2026-03-20,001367.SZ,buy,22.72,20.3,24.81,True
2026-03-20,002363.SZ,buy,8.27,7.38,9.02,True
2026-03-20,002227.SZ,buy,9.53,8.56,10.46,True
2026-03-20,002752.SZ,buy,6.15,5.51,6.73,True
2026-03-20,605086.SH,buy,35.0,31.23,38.17,True
2026-03-20,603633.SH,buy,7.99,7.18,8.78,True
2026-03-20,603192.SH,buy,23.86,21.51,26.29,True
2026-03-20,605189.SH,buy,13.91,12.52,15.3,True
2026-03-20,603790.SH,buy,22.26,19.95,24.39,True
2026-03-20,600476.SH,buy,11.35,10.22,12.49,True
2026-03-20,603703.SH,buy,12.92,11.52,14.08,True
2026-03-20,603039.SH,buy,42.0,37.65,46.01,True
2026-03-20,603286.SH,buy,57.66,51.37,62.79,True
2026-03-20,603665.SH,buy,29.65,26.26,32.1,True
2026-03-20,603718.SH,buy,4.68,4.21,5.15,True
2026-03-20,600187.SH,buy,1.95,1.76,2.15,True
2026-03-20,603313.SH,buy,8.44,7.6,9.28,True
2026-03-20,002295.SZ,buy,10.95,9.77,11.94,True
2026-03-20,605288.SH,buy,96.18,84.24,102.96,True
2026-03-20,002942.SZ,buy,19.81,17.77,21.71,True
2026-03-20,001217.SZ,buy,12.54,11.28,13.78,True
2026-03-20,603978.SH,buy,22.92,20.61,25.19,True
2026-03-20,600615.SH,buy,11.92,10.72,13.1,True
2026-03-20,603238.SH,buy,16.44,14.65,17.91,True
2026-03-20,600319.SH,buy,7.67,7.02,8.58,True
2026-03-20,001330.SZ,buy,7.05,6.35,7.76,True
2026-03-20,002977.SZ,buy,28.41,25.57,31.25,True
2026-03-24,603255.SH,sell,26.69,23.58,28.82,True
2026-03-24,603516.SH,buy,137.76,120.42,147.18,True
2026-03-24,603598.SH,buy,18.65,16.59,20.27,True
2026-03-24,001367.SZ,buy,20.6,18.21,22.25,True
2026-03-24,603159.SH,buy,23.47,20.75,25.36,True
2026-03-24,003007.SZ,buy,39.79,34.94,42.7,True
2026-03-24,002943.SZ,buy,47.51,41.85,51.15,True
2026-03-24,002977.SZ,buy,26.42,23.36,28.55,True
2026-03-24,001330.SZ,buy,6.65,5.86,7.16,True
2026-03-24,603171.SH,buy,49.45,43.83,53.57,True
2026-03-24,605268.SH,buy,11.88,10.47,12.79,True
2026-03-24,003018.SZ,buy,24.5,21.87,26.73,True
2026-03-24,002757.SZ,buy,19.55,17.24,21.07,True
2026-03-24,603322.SH,buy,29.58,26.13,31.93,True
2026-03-24,001225.SZ,buy,47.5,41.64,50.9,True
2026-03-24,603216.SH,buy,32.08,28.17,34.43,True
2026-03-24,605398.SH,buy,25.99,22.73,27.79,True
2026-03-24,603048.SH,buy,19.2,16.84,20.58,True
2026-03-24,000826.SZ,buy,2.09,1.86,2.28,True
2026-03-24,603122.SH,buy,14.95,13.46,16.45,True
2026-03-24,603466.SH,buy,9.04,7.97,9.74,True
2026-03-24,000004.SZ,buy,4.81,4.75,5.25,True
2026-03-24,600986.SH,buy,9.49,8.43,10.31,True
2026-03-24,603657.SH,buy,24.9,21.66,26.48,True
2026-03-24,002712.SZ,buy,5.0,4.4,5.38,True
2026-03-24,002151.SZ,buy,38.12,33.85,41.37,True
2026-03-24,603703.SH,buy,11.58,10.2,12.46,True
2026-03-24,603679.SH,buy,14.18,12.6,15.4,True
2026-03-24,001268.SZ,buy,29.2,25.76,31.48,True
2026-03-24,605365.SH,buy,17.19,15.25,18.63,True
2026-03-24,603755.SH,buy,27.33,24.26,29.65,True
2026-03-24,603217.SH,buy,21.99,19.4,23.71,True
2026-03-24,603039.SH,buy,38.63,34.2,41.8,True
2026-03-24,603602.SH,buy,12.65,11.2,13.68,True
2026-03-24,002301.SZ,buy,6.7,5.9,7.21,True
2026-03-24,002995.SZ,buy,21.6,21.14,25.84,True
2026-03-24,603155.SH,buy,15.2,13.35,16.31,True
2026-03-24,603800.SH,buy,35.17,31.14,38.06,True
2026-03-24,603790.SH,buy,19.63,17.52,21.42,True
2026-03-24,603859.SH,buy,36.82,32.49,39.71,True
2026-03-24,000782.SZ,buy,5.09,4.47,5.47,True
2026-03-30,002836.SZ,sell,14.11,12.94,15.82,True
2026-03-30,600608.SH,sell,2.97,2.84,3.14,True
2026-03-30,600860.SH,buy,11.19,10.31,12.6,True
2026-03-30,000782.SZ,buy,5.26,4.78,5.84,True
2026-03-30,600703.SH,buy,11.93,11.3,13.82,True
2026-03-30,605218.SH,buy,16.93,15.52,18.96,True
2026-03-30,600355.SH,buy,0.71,0.71,0.79,False
2026-03-30,002852.SZ,buy,9.6,8.74,10.68,True
2026-03-30,603269.SH,buy,13.5,12.52,15.3,True
2026-03-30,002927.SZ,buy,17.6,16.16,19.76,True
2026-03-30,001216.SZ,buy,17.25,15.65,19.13,True
2026-03-30,002520.SZ,buy,5.52,5.05,6.17,True
2026-03-30,603878.SH,buy,7.5,6.85,8.37,True
2026-03-30,002658.SZ,buy,8.51,7.79,9.52,True
2026-03-30,002300.SZ,buy,9.26,8.43,10.31,True
2026-03-30,002861.SZ,buy,15.45,14.11,17.25,True
2026-03-30,603610.SH,buy,15.69,14.22,17.38,True
2026-03-30,002356.SZ,buy,3.56,3.24,3.96,True
2026-03-30,002427.SZ,buy,6.23,5.68,6.94,True
2026-03-30,600172.SH,buy,7.89,7.11,8.69,True
2026-04-01,603598.SH,sell,20.1,17.83,21.79,True
2026-04-01,000638.SZ,buy,1.27,1.27,1.41,False
2026-04-01,600355.SH,buy,0.64,0.64,0.7,False
2026-04-01,000004.SZ,buy,4.34,4.34,4.8,False
2026-04-01,603516.SH,buy,141.83,124.57,152.25,True
2026-04-01,603119.SH,buy,74.45,65.47,80.01,True
2026-04-01,000681.SZ,buy,20.5,18.06,22.08,True
2026-04-01,603813.SH,buy,25.2,24.06,26.6,True
2026-04-01,603130.SH,buy,38.82,34.7,42.42,True
2026-04-01,002517.SZ,buy,18.07,15.93,19.47,True
2026-04-01,002943.SZ,buy,46.97,41.39,50.59,True
2026-04-01,603171.SH,buy,50.97,45.06,55.08,True
2026-04-01,001330.SZ,buy,7.1,6.28,7.68,True
2026-04-01,600962.SH,buy,19.21,16.99,20.77,True
2026-04-01,605288.SH,buy,91.0,79.38,97.02,True
2026-04-01,002558.SZ,buy,32.3,28.39,34.69,True
2026-04-01,603011.SH,buy,21.29,18.62,22.76,True
2026-04-01,002151.SZ,buy,38.4,34.09,41.67,True
2026-04-01,603859.SH,buy,36.95,32.62,39.86,True
2026-04-01,001225.SZ,buy,49.8,44.1,53.9,True
2026-04-01,002922.SZ,buy,36.72,31.77,38.83,True
2026-04-01,600531.SH,buy,13.6,11.86,14.5,True
2026-04-01,002400.SZ,buy,8.69,7.68,9.38,True
2026-04-01,000561.SZ,buy,9.84,8.72,10.66,True
2026-04-01,603703.SH,buy,12.63,11.13,13.61,True
2026-04-01,603979.SH,buy,58.68,51.15,62.51,True
2026-04-01,600363.SH,buy,50.93,44.89,54.87,True
2026-04-01,603216.SH,buy,32.62,28.73,35.11,True
2026-04-01,603690.SH,buy,24.56,21.71,26.53,True
2026-04-01,002928.SZ,buy,8.18,7.06,8.62,True
2026-04-01,002829.SZ,buy,22.7,20.07,24.53,True
2026-04-01,002163.SZ,buy,13.3,11.8,14.42,True
2026-04-01,603155.SH,buy,15.91,13.93,17.03,True
2026-04-01,600115.SH,buy,4.45,3.83,4.68,True
2026-04-01,000426.SZ,buy,41.9,36.2,44.24,True
2026-04-01,600961.SH,buy,17.9,15.65,19.13,True
2026-04-01,000737.SZ,buy,13.69,11.96,14.62,True
2026-04-01,603179.SH,buy,66.38,58.59,71.61,True
2026-04-01,002855.SZ,buy,12.41,10.94,13.38,True
2026-04-01,603069.SH,buy,17.8,15.8,19.32,True
2026-04-01,002320.SZ,buy,8.67,7.7,9.42,True
2026-04-08,600860.SH,sell,11.44,10.09,12.33,True
2026-04-08,603878.SH,sell,7.43,6.56,8.02,True
2026-04-08,000004.SZ,buy,3.52,3.52,3.9,False
2026-04-08,000638.SZ,buy,1.04,1.04,1.14,False
2026-04-08,600850.SH,buy,19.59,17.86,21.82,True
2026-04-08,600696.SH,buy,1.35,1.35,1.49,False
2026-04-08,002465.SZ,buy,14.65,12.85,15.71,True
2026-04-08,002446.SZ,buy,9.81,8.64,10.56,True
2026-04-08,002207.SZ,buy,7.52,7.52,9.2,False
2026-04-08,002928.SZ,buy,8.53,7.02,8.58,True
2026-04-08,000561.SZ,buy,9.47,8.37,10.23,True
2026-04-08,002173.SZ,buy,24.6,21.57,26.37,True
2026-04-08,000016.SZ,buy,3.2,2.8,3.42,True
2026-04-08,603011.SH,buy,20.4,18.0,22.0,True
2026-04-08,000503.SZ,buy,7.85,6.92,8.46,True
2026-04-08,600115.SH,buy,4.58,3.82,4.66,True
2026-04-08,603008.SH,buy,12.86,11.27,13.77,True
2026-04-08,600961.SH,buy,17.73,15.3,18.7,True
2026-04-08,002547.SZ,buy,3.09,2.75,3.36,True
2026-04-08,600986.SH,buy,9.46,8.26,10.1,True
2026-04-08,001330.SZ,buy,6.94,6.14,7.5,True
2026-04-08,000681.SZ,buy,19.83,17.43,21.31,True
2026-04-08,600855.SH,buy,16.95,14.98,18.3,True
2026-04-08,002044.SZ,buy,5.59,4.91,6.0,True
2026-04-08,600531.SH,buy,13.31,11.48,14.04,True
2026-04-10,603119.SH,sell,74.49,66.7,81.52,True
2026-04-10,000004.SZ,buy,3.18,3.18,3.52,False
2026-04-10,000638.SZ,buy,0.94,0.94,1.04,False
2026-04-10,603130.SH,buy,38.4,34.39,42.03,True
2026-04-10,600703.SH,buy,11.85,10.66,13.02,True
2026-04-10,603171.SH,buy,51.2,45.69,55.85,True
2026-04-10,000681.SZ,buy,20.7,18.33,22.41,True
2026-04-10,600696.SH,buy,1.25,1.25,1.39,False
2026-04-10,000016.SZ,buy,3.18,2.84,3.47,True
2026-04-10,001225.SZ,buy,48.59,43.34,52.98,True
2026-04-10,605288.SH,buy,84.11,75.71,92.53,True
2026-04-10,600476.SH,buy,10.48,9.36,11.44,True
2026-04-10,002383.SZ,buy,9.69,8.64,10.56,True
2026-04-10,002558.SZ,buy,33.12,29.67,36.27,True
2026-04-10,002943.SZ,buy,46.66,41.79,51.07,True
2026-04-10,603918.SH,buy,13.55,12.13,14.83,True
2026-04-10,603232.SH,buy,19.83,17.58,21.48,True
2026-04-10,003009.SZ,buy,57.3,51.37,62.79,True
2026-04-10,002044.SZ,buy,5.47,4.85,5.93,True
2026-04-10,603179.SH,buy,65.96,59.12,72.26,True
2026-04-10,603011.SH,buy,21.29,18.96,23.18,True
2026-04-10,603008.SH,buy,11.93,10.69,13.07,True
2026-04-10,002829.SZ,buy,22.4,20.07,24.53,True
2026-04-10,002657.SZ,buy,22.27,19.85,24.26,True
2026-04-10,002354.SZ,buy,5.75,5.11,6.25,True
2026-04-10,002151.SZ,buy,37.92,33.97,41.51,True
2026-04-10,000561.SZ,buy,9.75,8.7,10.64,True
2026-04-10,603108.SH,buy,12.65,11.35,13.87,True
2026-04-10,002163.SZ,buy,12.94,11.5,14.06,True
2026-04-10,002474.SZ,buy,7.69,6.86,8.38,True
2026-04-10,603155.SH,buy,15.98,14.29,17.47,True
2026-04-10,600962.SH,buy,18.79,16.9,20.66,True
2026-04-10,600734.SH,buy,3.78,3.39,4.15,True
2026-04-10,002465.SZ,buy,15.03,13.41,16.39,True
2026-04-10,600880.SH,buy,4.82,4.3,5.26,True
2026-04-10,002855.SZ,buy,11.7,10.45,12.77,True
2026-04-10,002123.SZ,buy,10.0,8.92,10.9,True
2026-04-10,600855.SH,buy,17.26,15.47,18.91,True
2026-04-10,605398.SH,buy,26.95,24.08,29.44,True
2026-04-10,000997.SZ,buy,19.97,17.81,21.77,True
2026-04-10,600053.SH,buy,14.63,13.1,16.01,True
2026-04-16,600850.SH,sell,20.13,18.14,22.18,True
2026-04-16,000503.SZ,sell,7.65,6.87,8.39,True
2026-04-16,000016.SZ,buy,3.2,2.86,3.5,True
2026-04-16,000004.SZ,buy,3.64,3.3,3.64,False
2026-04-16,000681.SZ,buy,20.59,18.42,22.52,True
2026-04-16,600481.SH,buy,6.3,5.65,6.91,True
2026-04-16,002474.SZ,buy,7.5,6.75,8.25,True
2026-04-16,002861.SZ,buy,15.8,14.13,17.27,True
2026-04-16,002354.SZ,buy,5.63,5.06,6.18,True
2026-04-16,002383.SZ,buy,9.6,8.64,10.56,True
2026-04-16,600193.SH,buy,3.0,2.94,3.24,True
2026-04-16,603011.SH,buy,21.32,19.19,23.45,True
2026-04-16,600962.SH,buy,18.61,16.75,20.47,True
2026-04-16,002123.SZ,buy,9.94,8.9,10.88,True
2026-04-16,603188.SH,buy,4.87,4.37,5.35,True
2026-04-16,002855.SZ,buy,11.58,10.4,12.72,True
2026-04-16,600734.SH,buy,3.68,3.32,4.06,True
2026-04-16,002712.SZ,buy,5.12,4.56,5.58,True
2026-04-16,002517.SZ,buy,18.06,16.25,19.87,True
2026-04-16,601212.SH,buy,7.95,7.11,8.69,True
2026-04-16,002017.SZ,buy,18.89,17.01,20.79,True
2026-04-16,002195.SZ,buy,9.03,8.13,9.93,True
2026-04-16,002657.SZ,buy,22.28,20.0,24.44,True
2026-04-16,601929.SH,buy,2.94,2.66,3.25,True
2026-04-16,002265.SZ,buy,22.19,20.02,24.46,True
2026-04-16,001376.SZ,buy,15.68,14.16,17.3,True
2026-04-16,002766.SZ,buy,4.78,4.28,5.24,True
2026-04-16,600310.SH,buy,4.42,3.99,4.87,True
2026-04-16,002324.SZ,buy,15.39,13.73,16.78,True
2026-04-16,002207.SZ,buy,7.6,6.89,8.42,True
2026-04-16,600476.SH,buy,11.02,9.92,12.12,True
2026-04-16,002174.SZ,buy,9.62,8.6,10.52,True
2026-04-16,000655.SZ,buy,8.35,7.52,9.2,True
2026-04-16,000969.SZ,buy,20.94,18.85,23.03,True
2026-04-16,002414.SZ,buy,13.1,11.77,14.39,True
2026-04-16,600141.SH,buy,31.75,28.56,34.9,True
2026-04-16,603610.SH,buy,15.69,14.0,17.11,True
2026-04-20,600703.SH,sell,13.5,12.01,14.67,True
2026-04-20,603822.SH,buy,85.3,80.21,88.65,True
2026-04-20,600734.SH,buy,3.07,3.07,3.75,False
2026-04-20,600421.SH,buy,5.16,5.16,5.7,False
2026-04-20,603189.SH,buy,13.73,13.73,16.78,False
2026-04-20,603188.SH,buy,4.83,4.33,5.29,True
2026-04-20,601089.SH,buy,22.25,20.15,24.63,True
2026-04-20,600193.SH,buy,2.8,2.8,3.1,False
2026-04-20,600696.SH,buy,1.12,1.03,1.13,True
2026-04-20,002474.SZ,buy,7.48,6.75,8.25,True
2026-04-20,600141.SH,buy,31.6,28.49,34.82,True
2026-04-20,000004.SZ,buy,3.57,3.57,3.95,False
2026-04-20,002919.SZ,buy,19.99,17.89,21.87,True
2026-04-20,000503.SZ,buy,7.57,6.81,8.33,True
2026-04-20,002207.SZ,buy,7.15,6.43,7.85,True
2026-04-20,600547.SH,buy,38.45,34.6,42.28,True
2026-04-20,600636.SH,buy,5.79,5.79,6.39,False
2026-04-20,000818.SZ,buy,14.9,13.44,16.42,True
2026-04-20,603232.SH,buy,19.99,18.1,22.12,True
2026-04-20,002493.SZ,buy,11.77,10.49,12.83,True
2026-04-20,600029.SH,buy,5.72,5.14,6.28,True
2026-04-20,002659.SZ,buy,5.12,4.61,5.63,True
2026-04-20,002658.SZ,buy,8.51,7.59,9.27,True
2026-04-20,600310.SH,buy,4.41,3.97,4.85,True
2026-04-20,000048.SZ,buy,14.82,13.37,16.35,True
2026-04-20,000852.SZ,buy,6.7,6.06,7.4,True
2026-04-20,600192.SH,buy,8.37,7.52,9.2,True
2026-04-20,600831.SH,buy,3.52,3.15,3.85,True
2026-04-20,002517.SZ,buy,17.87,16.17,19.77,True
2026-04-20,002485.SZ,buy,4.81,4.64,5.12,True
2026-04-20,002777.SZ,buy,16.56,14.89,18.19,True
2026-04-20,605577.SH,buy,12.66,11.35,13.87,True
2026-04-20,600608.SH,buy,2.3,2.19,2.42,True
2026-04-20,002174.SZ,buy,9.62,8.69,10.62,True
2026-04-20,605288.SH,buy,85.6,77.04,94.16,True
2026-04-20,002558.SZ,buy,32.31,29.11,35.57,True
2026-04-20,002301.SZ,buy,6.69,6.1,7.46,True
2026-04-20,002425.SZ,buy,3.23,2.92,3.56,True
2026-04-20,001388.SZ,buy,39.51,35.6,43.52,True
2026-04-20,002855.SZ,buy,11.63,10.49,12.83,True
2026-04-20,603718.SH,buy,4.15,3.88,4.74,True
2026-04-24,000016.SZ,sell,3.2,2.9,3.54,True
2026-04-24,600193.SH,buy,2.28,2.28,2.52,False
2026-04-24,600421.SH,buy,4.76,4.76,5.26,False
2026-04-24,000004.SZ,buy,2.91,2.91,3.21,False
2026-04-24,603272.SH,buy,20.95,18.07,22.09,True
2026-04-24,603188.SH,buy,4.79,4.28,5.24,True
2026-04-24,603070.SH,buy,14.79,13.27,16.21,True
2026-04-24,601089.SH,buy,21.93,19.88,24.3,True
2026-04-24,605577.SH,buy,12.57,11.27,13.77,True
2026-04-24,002605.SZ,buy,20.18,18.16,22.2,True
2026-04-24,603100.SH,buy,19.21,17.36,21.22,True
2026-04-24,002268.SZ,buy,16.0,14.47,17.69,True
2026-04-24,002291.SZ,buy,6.22,5.59,6.83,True
2026-04-24,603106.SH,buy,8.86,7.9,9.66,True
2026-04-24,603230.SH,buy,10.9,9.81,11.99,True
2026-04-24,603636.SH,buy,8.95,8.09,9.89,True
2026-04-24,603528.SH,buy,8.0,7.16,8.75,True
2026-04-24,600992.SH,buy,11.9,10.69,13.07,True
2026-04-24,603258.SH,buy,17.15,15.44,18.87,True
2026-04-24,002657.SZ,buy,21.52,19.44,23.76,True
2026-04-24,000676.SZ,buy,7.48,6.75,8.25,True
2026-04-24,002319.SZ,buy,10.75,9.79,11.97,True
2026-04-24,002045.SZ,buy,11.23,10.15,12.41,True
2026-04-24,002712.SZ,buy,5.29,4.6,5.62,True
2026-04-24,603232.SH,buy,18.8,16.99,20.77,True
2026-04-24,003029.SZ,buy,20.72,18.68,22.84,True
2026-04-24,002777.SZ,buy,16.2,14.69,17.95,True
2026-04-24,600088.SH,buy,14.06,12.74,15.58,True
2026-04-24,002474.SZ,buy,7.2,6.51,7.95,True
2026-04-24,002577.SZ,buy,15.33,13.79,16.85,True
2026-04-24,002855.SZ,buy,11.38,10.26,12.54,True
2026-04-24,002163.SZ,buy,12.16,10.96,13.4,True
2026-04-24,002908.SZ,buy,8.81,7.97,9.75,True
2026-04-24,002343.SZ,buy,6.17,5.6,6.84,True
2026-04-24,603169.SH,buy,7.94,7.94,9.7,False
2026-04-24,002238.SZ,buy,7.01,6.34,7.74,True
2026-04-28,603822.SH,sell,81.63,78.16,86.38,True
2026-04-28,600696.SH,sell,1.38,1.38,1.52,False
2026-04-28,600421.SH,buy,4.29,4.29,4.75,False
2026-04-28,600765.SH,buy,15.87,14.37,17.57,True
2026-04-28,600862.SH,buy,20.09,18.2,22.24,True
2026-04-28,002532.SZ,buy,17.37,15.79,19.29,True
2026-04-28,603885.SH,buy,11.65,10.5,12.84,True
2026-04-28,603230.SH,buy,10.61,9.67,11.81,True
2026-04-28,605086.SH,buy,31.19,28.04,34.27,True
2026-04-28,002683.SZ,buy,38.1,34.34,41.98,True
2026-04-28,601608.SH,buy,6.03,5.43,6.63,True
2026-04-28,000923.SZ,buy,18.15,16.43,20.08,True
2026-04-28,002928.SZ,buy,8.12,7.37,9.01,True
2026-04-28,601111.SH,buy,6.66,6.03,7.37,True
2026-04-28,601900.SH,buy,12.46,11.05,13.51,True
2026-04-28,601319.SH,buy,7.15,6.44,7.87,True
2026-04-28,000860.SZ,buy,12.38,11.19,13.67,True
2026-04-28,002485.SZ,buy,4.63,4.44,4.9,True
2026-04-28,603100.SH,buy,18.88,17.05,20.83,True
2026-04-28,002808.SZ,buy,3.14,3.14,3.47,False
2026-04-28,600199.SH,buy,7.86,7.12,8.7,True
2026-04-28,002987.SZ,buy,15.77,14.45,17.66,True
2026-04-28,600592.SH,buy,19.17,17.24,21.08,True
2026-04-28,002123.SZ,buy,9.74,8.81,10.77,True
2026-04-28,601628.SH,buy,36.67,33.0,40.34,True
2026-04-28,002075.SZ,buy,4.5,4.04,4.94,True
2026-04-28,000768.SZ,buy,23.7,21.38,26.13,True
2026-04-28,601595.SH,buy,24.5,21.96,26.84,True
2026-04-28,002276.SZ,buy,13.59,12.25,14.97,True
2026-04-28,000676.SZ,buy,7.04,6.39,7.81,True
2026-04-28,600612.SH,buy,39.38,35.37,43.23,True
2026-04-28,000777.SZ,buy,20.8,19.41,23.73,True
2026-04-28,600636.SH,buy,4.75,4.75,5.25,False
2026-04-28,600797.SH,buy,8.86,8.03,9.81,True
2026-04-28,603589.SH,buy,24.2,21.87,26.73,True
2026-04-28,000561.SZ,buy,9.43,8.52,10.42,True
2026-04-28,000801.SZ,buy,13.58,12.39,15.15,True
2026-04-28,603337.SH,buy,38.01,34.43,42.08,True
2026-04-28,002206.SZ,buy,6.06,5.43,6.63,True
2026-04-28,601949.SH,buy,5.78,5.24,6.4,True
2026-04-29,600696.SH,sell,1.31,1.31,1.45,False
2026-05-11,600765.SH,sell,16.68,14.93,18.25,True
2026-05-22,603230.SH,buy,10.14,9.08,11.1,True
2026-06-01,600696.SH,sell,0.66,0.01,100000.0,True
2026-06-01,603230.SH,sell,9.77,8.78,10.74,True
2026-06-04,605577.SH,buy,10.22,9.21,11.25,True
2026-06-04,601089.SH,buy,17.26,15.54,19.0,True
2026-06-04,603205.SH,buy,23.51,21.1,25.78,True
2026-06-05,002092.SZ,buy,4.47,4.01,4.91,True
2026-06-05,000912.SZ,buy,3.67,3.3,4.04,True
2026-06-05,002165.SZ,buy,6.55,5.92,7.24,True
2026-06-05,603113.SH,buy,5.0,4.55,5.56,True
2026-06-05,000731.SZ,buy,5.91,5.33,6.51,True
2026-06-05,000822.SZ,buy,4.77,4.3,5.26,True
2026-06-05,002427.SZ,buy,4.5,4.09,4.99,True
2026-06-05,002556.SZ,buy,5.1,4.59,5.61,True
2026-06-05,603313.SH,buy,5.49,4.86,5.94,True
2026-06-05,600208.SH,buy,2.88,2.59,3.17,True
2026-06-05,600075.SH,buy,4.83,4.29,5.25,True
2026-06-11,603272.SH,sell,35.51,35.51,39.25,False
2026-06-12,603272.SH,sell,35.3,34.47,38.09,True
2026-06-12,002342.SZ,buy,10.18,8.98,10.98,True
2026-06-12,000815.SZ,buy,15.89,14.09,17.23,True
2026-06-12,601567.SH,buy,14.1,12.56,15.36,True
2026-06-12,600343.SH,buy,24.08,21.24,25.96,True
2026-06-12,000892.SZ,buy,3.6,3.2,3.92,True
2026-06-12,605365.SH,buy,15.64,13.9,16.98,True
2026-06-12,600513.SH,buy,15.77,14.19,17.35,True
2026-06-12,002506.SZ,buy,3.19,2.85,3.49,True
2026-06-12,000533.SZ,buy,10.7,9.48,11.58,True
2026-06-12,000890.SZ,buy,9.96,8.85,10.81,True
2026-06-12,002294.SZ,buy,31.31,28.03,34.25,True
2026-06-12,000818.SZ,buy,12.5,11.17,13.65,True
2026-06-12,002309.SZ,buy,3.2,2.84,3.48,True
2026-06-12,600410.SH,buy,17.51,15.51,18.95,True
2026-06-12,002173.SZ,buy,17.2,15.27,18.67,True
2026-06-12,603887.SH,buy,10.55,9.41,11.51,True
2026-06-12,603216.SH,buy,22.75,20.12,24.59,True
2026-06-12,605286.SH,buy,29.47,26.17,31.99,True
2026-06-12,000592.SZ,buy,7.5,6.66,8.14,True
2026-06-12,002229.SZ,buy,13.73,12.23,14.95,True
2026-06-12,002930.SZ,buy,9.33,8.3,10.14,True
2026-06-12,605500.SH,buy,6.92,6.18,7.56,True
2026-06-12,605056.SH,buy,18.21,16.39,20.03,True
2026-06-12,002427.SZ,buy,4.38,3.95,4.83,True
2026-06-12,600986.SH,buy,7.81,6.92,8.46,True
2026-06-12,605299.SH,buy,15.22,13.7,16.74,True
2026-06-12,601089.SH,buy,16.62,14.76,18.04,True
2026-06-12,002624.SZ,buy,13.47,11.89,14.53,True
2026-06-12,600363.SH,buy,33.18,29.47,36.01,True
2026-06-12,603585.SH,buy,15.0,13.44,16.42,True
2026-06-12,000547.SZ,buy,19.03,16.89,20.65,True
2026-06-12,001325.SZ,buy,38.05,33.87,41.39,True
2026-06-12,002442.SZ,buy,5.27,4.64,5.68,True
2026-06-12,600468.SH,buy,5.69,5.07,6.19,True
2026-06-12,002467.SZ,buy,5.18,4.56,5.58,True
2026-06-12,002270.SZ,buy,18.68,16.47,20.13,True
2026-06-12,600773.SH,buy,14.87,13.23,16.17,True
2026-06-12,600604.SH,buy,4.14,3.69,4.51,True
2026-06-12,000676.SZ,buy,5.51,4.92,6.02,True
2026-06-12,603309.SH,buy,11.45,10.26,12.54,True
2026-06-15,000912.SZ,sell,3.7,3.33,4.07,True
2026-06-15,002506.SZ,buy,3.22,2.85,3.49,True
2026-06-15,002309.SZ,buy,3.2,2.84,3.48,True
2026-06-15,600481.SH,buy,5.02,4.54,5.54,True
2026-06-15,000892.SZ,buy,3.78,3.29,4.03,True
2026-06-15,002427.SZ,buy,4.49,3.99,4.87,True
2026-06-15,002218.SZ,buy,4.27,3.83,4.69,True
2026-06-15,002442.SZ,buy,5.25,4.66,5.7,True
2026-06-15,000889.SZ,buy,3.53,3.14,3.84,True
2026-06-23,605577.SH,sell,9.4,8.56,10.46,True
2026-06-23,000815.SZ,sell,17.29,15.98,19.53,True
2026-06-24,600481.SH,sell,4.5,4.06,4.96,True
2026-06-24,002342.SZ,buy,9.37,8.51,10.41,True
2026-06-24,603778.SH,buy,14.14,12.41,15.17,True
2026-06-24,600158.SH,buy,7.4,6.65,8.13,True
2026-06-24,603309.SH,buy,11.65,10.49,12.82,True
2026-06-24,600722.SH,buy,9.0,8.23,10.05,True
2026-06-24,000890.SZ,buy,8.83,8.02,9.8,True
2026-06-24,605286.SH,buy,28.88,25.81,31.55,True
2026-06-24,603239.SH,buy,16.29,14.46,17.68,True
2026-06-24,603053.SH,buy,8.75,7.88,9.63,True
2026-06-24,001338.SZ,buy,9.33,8.38,10.24,True
2026-06-24,001318.SZ,buy,10.65,9.64,11.78,True
2026-06-24,600283.SH,buy,8.16,7.34,8.97,True
2026-06-24,603887.SH,buy,10.2,9.18,11.22,True
2026-06-24,605056.SH,buy,17.4,15.69,19.17,True
2026-06-24,000592.SZ,buy,7.27,6.52,7.96,True
2026-06-24,002574.SZ,buy,4.54,4.1,5.01,True
2026-06-24,603103.SH,buy,15.36,13.82,16.9,True
2026-06-24,603585.SH,buy,14.66,13.17,16.09,True
2026-06-24,600343.SH,buy,23.61,21.25,25.97,True
2026-06-24,001325.SZ,buy,39.15,35.33,43.18,True
2026-06-24,603396.SH,buy,27.45,24.96,30.5,True
2026-06-24,002060.SZ,buy,3.21,2.87,3.51,True
2026-06-24,002218.SZ,buy,4.0,3.6,4.4,True
2026-06-24,600569.SH,buy,1.75,1.58,1.94,True
2026-06-24,603205.SH,buy,22.32,20.05,24.51,True
2026-06-24,000869.SZ,buy,16.96,15.2,18.58,True
2026-06-24,600138.SH,buy,7.08,6.38,7.8,True
2026-06-24,600917.SH,buy,4.86,4.38,5.36,True
2026-06-24,002930.SZ,buy,9.2,8.22,10.04,True
2026-06-24,600844.SH,buy,2.69,2.43,2.97,True
2026-06-24,605598.SH,buy,35.3,31.45,38.43,True
2026-06-24,000892.SZ,buy,3.63,3.29,4.02,True
2026-06-24,000972.SZ,buy,3.38,3.24,3.58,True
2026-06-24,002309.SZ,buy,3.01,2.73,3.33,True
2026-06-24,000852.SZ,buy,5.48,4.9,5.98,True
2026-06-24,600880.SH,buy,3.98,3.6,4.4,True
2026-06-24,000968.SZ,buy,6.67,6.0,7.34,True
2026-06-24,603970.SH,buy,10.35,9.32,11.4,True
2026-06-24,600127.SH,buy,5.53,4.99,6.09,True
2026-06-24,600059.SH,buy,7.72,6.9,8.44,True
2026-07-01,002574.SZ,sell,4.16,3.74,4.57,True
2026-07-02,002342.SZ,sell,11.25,10.13,12.38,True
2026-07-02,600569.SH,sell,1.72,1.54,1.88,True
2026-07-17,603458.SH,buy,8.05,7.25,8.87,True
2026-07-21,603458.SH,sell,6.96,6.19,7.57,True
2026-07-22,002208.SZ,buy,11.6,10.94,13.37,True
2026-07-22,001400.SZ,buy,69.18,63.11,77.13,True
2026-07-30,002208.SZ,sell,11.62,10.69,13.07,True
2026-08-25,600363.SH,buy,16.99,15.34,18.74,True
2026-09-02,600363.SH,sell,16.04,14.59,17.83,True
2026-09-14,603823.SH,buy,53.37,48.87,59.73,True
2026-09-15,603065.SH,buy,13.55,12.24,14.96,True
2026-09-15,002674.SZ,buy,18.5,16.79,20.52,True
2026-09-15,600363.SH,buy,15.21,13.67,16.71,True
2026-09-15,603211.SH,buy,20.11,18.05,22.06,True
2026-09-15,603324.SH,buy,24.87,22.38,27.36,True
2026-09-15,603078.SH,buy,30.87,27.91,34.11,True
2026-09-15,601133.SH,buy,22.78,20.57,25.15,True
2026-09-16,002742.SZ,buy,4.03,3.65,4.46,True
2026-09-22,603823.SH,sell,55.1,49.5,60.5,True
2026-09-23,603065.SH,sell,14.8,13.45,16.43,True
2026-09-24,002742.SZ,sell,4.18,3.79,4.63,True
