date,code,quote_date,mark,field,reason
2026-04-28,603272.SH,2026-04-27,24.3,open,confirmed_suspension_last_close_adjusted_for_corporate_actions
2026-04-28,603272.SH,2026-04-27,24.3,close,confirmed_suspension_last_close_adjusted_for_corporate_actions
2026-04-30,600696.SH,2026-04-29,1.31,open,confirmed_suspension_last_close_adjusted_for_corporate_actions
2026-04-30,600696.SH,2026-04-29,1.31,close,confirmed_suspension_last_close_adjusted_for_corporate_actions
2026-05-06,600696.SH,2026-04-29,1.31,open,confirmed_suspension_last_close_adjusted_for_corporate_actions
2026-05-06,600696.SH,2026-04-29,1.31,close,confirmed_suspension_last_close_adjusted_for_corporate_actions
2026-05-07,600696.SH,2026-04-29,1.31,open,confirmed_suspension_last_close_adjusted_for_corporate_actions
2026-05-07,600696.SH,2026-04-29,1.31,close,confirmed_suspension_last_close_adjusted_for_corporate_actions
2026-05-08,600696.SH,2026-04-29,1.31,open,confirmed_suspension_last_close_adjusted_for_corporate_actions
2026-05-08,600696.SH,2026-04-29,1.31,close,confirmed_suspension_last_close_adjusted_for_corporate_actions
2026-05-11,600696.SH,2026-04-29,1.31,open,confirmed_suspension_last_close_adjusted_for_corporate_actions
2026-05-11,600696.SH,2026-04-29,1.31,close,confirmed_suspension_last_close_adjusted_for_corporate_actions
2026-05-12,600696.SH,2026-04-29,1.31,open,confirmed_suspension_last_close_adjusted_for_corporate_actions
2026-05-12,600696.SH,2026-04-29,1.31,close,confirmed_suspension_last_close_adjusted_for_corporate_actions
2026-05-13,600696.SH,2026-04-29,1.31,open,confirmed_suspension_last_close_adjusted_for_corporate_actions
2026-05-13,600696.SH,2026-04-29,1.31,close,confirmed_suspension_last_close_adjusted_for_corporate_actions
2026-05-14,600696.SH,2026-04-29,1.31,open,confirmed_suspension_last_close_adjusted_for_corporate_actions
2026-05-14,600696.SH,2026-04-29,1.31,close,confirmed_suspension_last_close_adjusted_for_corporate_actions
2026-05-15,600696.SH,2026-04-29,1.31,open,confirmed_suspension_last_close_adjusted_for_corporate_actions
2026-05-15,600696.SH,2026-04-29,1.31,close,confirmed_suspension_last_close_adjusted_for_corporate_actions
2026-05-18,600696.SH,2026-04-29,1.31,open,confirmed_suspension_last_close_adjusted_for_corporate_actions
2026-05-18,600696.SH,2026-04-29,1.31,close,confirmed_suspension_last_close_adjusted_for_corporate_actions
2026-05-19,600696.SH,2026-04-29,1.31,open,confirmed_suspension_last_close_adjusted_for_corporate_actions
2026-05-19,600696.SH,2026-04-29,1.31,close,confirmed_suspension_last_close_adjusted_for_corporate_actions
2026-05-20,600696.SH,2026-04-29,1.31,open,confirmed_suspension_last_close_adjusted_for_corporate_actions
2026-05-20,600696.SH,2026-04-29,1.31,close,confirmed_suspension_last_close_adjusted_for_corporate_actions
2026-05-21,600696.SH,2026-04-29,1.31,open,confirmed_suspension_last_close_adjusted_for_corporate_actions
2026-05-21,600696.SH,2026-04-29,1.31,close,confirmed_suspension_last_close_adjusted_for_corporate_actions
2026-05-22,600696.SH,2026-04-29,1.31,open,confirmed_suspension_last_close_adjusted_for_corporate_actions
2026-05-22,600696.SH,2026-04-29,1.31,close,confirmed_suspension_last_close_adjusted_for_corporate_actions
2026-05-25,600696.SH,2026-04-29,1.31,open,confirmed_suspension_last_close_adjusted_for_corporate_actions
2026-05-25,600696.SH,2026-04-29,1.31,close,confirmed_suspension_last_close_adjusted_for_corporate_actions
2026-05-26,600696.SH,2026-04-29,1.31,open,confirmed_suspension_last_close_adjusted_for_corporate_actions
2026-05-26,600696.SH,2026-04-29,1.31,close,confirmed_suspension_last_close_adjusted_for_corporate_actions
2026-05-27,600696.SH,2026-04-29,1.31,open,confirmed_suspension_last_close_adjusted_for_corporate_actions
2026-05-27,600696.SH,2026-04-29,1.31,close,confirmed_suspension_last_close_adjusted_for_corporate_actions
2026-05-28,600696.SH,2026-04-29,1.31,open,confirmed_suspension_last_close_adjusted_for_corporate_actions
2026-05-28,600696.SH,2026-04-29,1.31,close,confirmed_suspension_last_close_adjusted_for_corporate_actions
2026-05-29,600696.SH,2026-04-29,1.31,open,confirmed_suspension_last_close_adjusted_for_corporate_actions
2026-05-29,600696.SH,2026-04-29,1.31,close,confirmed_suspension_last_close_adjusted_for_corporate_actions
