date,signal_date,code,shares,price,amount,utility,target_budget,available_budget
2026-01-27,2026-01-26,002151.SZ,500,45.32,22660.0,0.0029252761926388776,25000.0,25000.0
2026-01-27,2026-01-26,002465.SZ,100,17.62,1762.0,0.001945486597226469,25000.0,25000.0
2026-01-27,2026-01-26,601106.SH,100,5.6,560.0,0.0014806476466690515,25000.0,25000.0
2026-02-02,2026-01-30,000981.SZ,100,4.66,466.0,0.002462901077084141,24222.0,530.0
2026-04-01,2026-03-31,603501.SH,200,96.84,19368.0,0.010020805026353288,24582.0,24582.0
2026-04-01,2026-03-31,600150.SH,100,31.3,3130.0,0.009691470976014301,24582.0,24582.0
2026-04-01,2026-03-31,601688.SH,100,18.12,1812.0,0.009374454127127755,24582.0,24582.0
2026-04-24,2026-04-23,600809.SH,100,141.06,14106.0,0.0008977640723221323,24374.0,24374.0
2026-04-24,2026-04-23,600406.SH,300,26.83,8048.999999999999,0.0007448671356900857,24374.0,24374.0
2026-06-03,2026-06-02,601888.SH,400,56.48,22592.0,0.0022251643396188486,24174.0,24174.0
2026-06-03,2026-06-02,601857.SH,100,10.7,1070.0,0.001574769016551886,24174.0,24174.0
2026-06-11,2026-06-10,600089.SH,1100,22.31,24541.0,0.025939093046982383,24558.0,24558.0
2026-06-23,2026-06-22,600118.SH,300,74.92,22476.0,0.0030845969065229385,25000.0,25000.0
2026-06-23,2026-06-22,600879.SH,100,19.81,1980.9999999999998,0.0025299875980743835,25000.0,25000.0
2026-06-24,2026-06-23,601600.SH,200,9.0,1800.0,0.003745415599551806,25000.0,1821.0
2026-07-01,2026-06-30,002594.SZ,300,79.9,23970.0,0.01012364833131858,25000.0,25000.0
2026-07-01,2026-06-30,601398.SH,100,7.05,705.0,0.0031074629117348322,25000.0,25000.0
2026-07-10,2026-07-09,605117.SH,200,85.98,17196.0,0.002472785042025044,25000.0,25000.0
2026-07-10,2026-07-09,600418.SH,300,24.44,7332.0,0.001193917688639137,25000.0,25000.0
2026-07-13,2026-07-10,002131.SZ,100,4.63,463.0,0.0015473804094682658,25000.0,837.0
2026-07-16,2026-07-15,002600.SZ,100,12.52,1252.0,0.0007002482662605263,25000.0,1270.0
2026-07-20,2026-07-17,600089.SH,400,18.66,7464.0,0.014985207423353464,25000.0,8969.999999999998
2026-07-20,2026-07-17,600703.SH,100,12.7,1270.0,0.010714671592587106,25000.0,8969.999999999998
2026-07-21,2026-07-20,601179.SH,100,12.36,1236.0,0.01234849260115952,25000.0,1393.9999999999964
2026-09-18,2026-09-17,603019.SH,100,83.49,8349.0,0.006170689813406823,25000.0,25000.0
2026-09-18,2026-09-17,600276.SH,300,43.52,13056.000000000002,0.006119991035093845,25000.0,25000.0
2026-09-18,2026-09-17,002050.SZ,100,35.33,3533.0,0.005816320904972627,25000.0,25000.0
