date,equity,target,invested,cash,holdings,retained
2023-01-03,25000.0,19518.12095942328,19505.0,5495.0,5,0
2023-02-01,28118.0,17319.920865452998,17214.0,10904.0,4,0
2023-03-01,28409.0,17643.849795849255,17625.0,10784.0,4,0
2023-04-03,27900.0,22086.768245837036,21980.0,5920.0,4,0
2023-05-04,27108.0,23068.58612852721,22992.0,4116.000000000001,4,0
2023-06-01,25231.0,25000.0,24997.0,234.0000000000009,4,0
2023-07-03,25993.0,25000.0,24925.0,1068.0,4,0
2023-08-01,27792.0,25000.0,24983.0,2809.0,5,0
2023-09-01,29418.0,25000.0,24944.0,4473.999999999999,4,0
2023-10-09,27038.0,25000.0,24968.0,2070.000000000001,5,0
2023-11-01,25395.0,25000.0,24966.0,428.99999999999955,4,0
2023-12-01,26973.0,25000.0,24965.0,2008.0,4,0
2024-01-02,24834.0,24834.0,24785.0,49.0,4,0
2024-02-01,21498.0,21193.6413290718,21028.0,470.0,4,0
2024-03-01,21878.0,14676.202831474784,14603.0,7275.0,4,0
2024-04-01,23490.0,15325.627903649585,15260.0,8230.0,4,0
2024-05-06,24023.0,15891.172658226778,15872.0,8151.0,4,0
2024-06-03,23631.0,15680.862067708971,15653.0,7978.0,5,0
2024-07-01,23797.669,14563.41135346125,14560.0,9237.669000000002,4,0
2024-08-01,22615.669,18938.357524849438,18924.0,3691.6690000000017,4,0
2024-09-02,22579.669,22579.669,22566.0,13.669000000001688,5,0
2024-10-08,28291.479000000003,10189.616436848479,10143.0,18148.479,4,0
2024-11-01,28167.479,10211.430126699766,10144.0,18023.479,4,0
2024-12-02,27946.479,10316.941628176846,10311.0,17635.479,5,0
2025-01-02,28452.479,11094.023190237524,11061.0,17391.479,4,0
2025-02-05,28815.479,10876.728471265531,10861.0,17954.479,5,0
2025-03-03,29602.479,11621.481426221622,11606.0,17996.479,4,0
2025-04-01,30391.479,25000.0,24907.0,5484.478999999999,4,0
2025-05-06,29657.479,25000.0,24933.0,4724.479,4,0
2025-06-03,28905.479,25000.0,24990.0,3915.4789999999994,4,0
2025-07-01,27686.479,25000.0,24950.0,2736.4789999999994,5,0
2025-08-01,29010.479,25000.0,24938.0,4072.4789999999994,4,0
2025-09-01,32556.479,25000.0,24991.0,7565.478999999999,4,0
2025-10-09,33979.479,25000.0,24929.0,9050.479,4,0
2025-11-03,33317.479,25000.0,24866.0,8451.479,4,0
2025-12-01,35952.479,25000.0,24974.0,10978.479,4,0
2026-01-05,35063.479,25000.0,24965.0,10098.479,4,0
2026-02-02,34012.479,25000.0,24963.0,9049.479,4,0
2026-03-02,37371.479,25000.0,24928.0,12443.479,4,0
2026-04-01,36287.479,20908.199461414893,20779.0,15508.479,4,0
2026-05-06,38647.479,19160.49393337588,18945.0,19702.479,4,0
2026-06-01,42335.979,18066.056334135694,18050.0,24285.979,4,0
2026-07-01,42336.979,17050.801085090527,16989.0,25347.979,4,0
2026-08-03,41149.979,19532.377740163698,19515.0,21634.979,5,0
2026-09-01,42570.979,18738.773108071946,18728.0,23842.979,4,0
