date,code,side,shares,price
2023-01-03,600212.SH,buy,700,7.79
2023-01-03,002234.SZ,buy,300,19.08
2023-01-03,601699.SH,buy,300,16.7
2023-01-03,002908.SZ,buy,200,15.6
2023-01-03,600871.SH,buy,100,1.98
2023-02-01,600212.SH,sell,700,9.05
2023-02-01,002234.SZ,sell,300,22.51
2023-02-01,601699.SH,sell,300,19.73
2023-02-01,002908.SZ,sell,200,17.0
2023-02-01,600871.SH,sell,100,2.16
2023-02-01,600546.SH,buy,300,15.47
2023-02-01,601808.SH,buy,300,16.36
2023-02-01,002800.SZ,buy,200,24.5
2023-02-01,600795.SH,buy,700,3.95
2023-03-01,600546.SH,sell,300,17.32
2023-03-01,601808.SH,sell,300,15.85
2023-03-01,002800.SZ,sell,200,24.05
2023-03-01,600795.SH,sell,700,3.92
2023-03-01,600546.SH,buy,300,17.32
2023-03-01,600249.SH,buy,900,5.51
2023-03-01,600766.SH,buy,300,17.6
2023-03-01,600853.SH,buy,500,4.38
2023-04-03,600546.SH,sell,300,16.0
2023-04-03,600249.SH,sell,900,5.12
2023-04-03,600766.SH,sell,300,17.26
2023-04-03,600853.SH,sell,500,5.06
2023-04-03,000063.SZ,buy,200,32.47
2023-04-03,600620.SH,buy,500,13.0
2023-04-03,000721.SZ,buy,400,15.5
2023-04-03,000729.SZ,buy,200,13.93
2023-05-04,000063.SZ,sell,200,35.5
2023-05-04,600620.SH,sell,500,11.9
2023-05-04,000721.SZ,sell,400,13.81
2023-05-04,000729.SZ,sell,200,13.07
2023-05-04,601728.SH,buy,1000,6.61
2023-05-04,600968.SH,buy,1900,3.62
2023-05-04,003006.SZ,buy,300,18.58
2023-05-04,002076.SZ,buy,1500,2.62
2023-06-01,601728.SH,sell,1000,6.05
2023-06-01,600968.SH,sell,1900,3.29
2023-06-01,003006.SZ,sell,300,17.48
2023-06-01,002076.SZ,sell,1500,2.38
2023-06-01,003006.SZ,buy,400,17.48
2023-06-01,002638.SZ,buy,2500,2.94
2023-06-01,002348.SZ,buy,1700,4.35
2023-06-01,000716.SZ,buy,500,6.52
2023-07-03,003006.SZ,sell,400,17.33
2023-07-03,002638.SZ,sell,2500,3.37
2023-07-03,002348.SZ,sell,1700,4.16
2023-07-03,000716.SZ,sell,500,6.66
2023-07-03,600191.SH,buy,1300,5.7
2023-07-03,002899.SZ,buy,500,14.97
2023-07-03,603156.SH,buy,300,24.88
2023-07-03,002971.SZ,buy,100,25.66
2023-08-01,600191.SH,sell,1300,6.38
2023-08-01,002899.SZ,sell,500,15.8
2023-08-01,603156.SH,sell,300,26.58
2023-08-01,002971.SZ,sell,100,25.56
2023-08-01,601949.SH,buy,700,10.65
2023-08-01,600028.SH,buy,1200,6.22
2023-08-01,002177.SZ,buy,1700,4.26
2023-08-01,603889.SH,buy,300,8.49
2023-08-01,002321.SZ,buy,100,2.75
2023-09-01,601949.SH,sell,700,11.05
2023-09-01,600028.SH,sell,1200,6.09
2023-09-01,002177.SZ,sell,1700,5.16
2023-09-01,603889.SH,sell,300,8.45
2023-09-01,002321.SZ,sell,100,2.59
2023-09-01,002292.SZ,buy,800,9.2
2023-09-01,002177.SZ,buy,1400,5.16
2023-09-01,603979.SH,buy,200,35.95
2023-09-01,600706.SH,buy,200,15.85
2023-10-09,002177.SZ,sell,1400,4.01
2023-10-09,002292.SZ,sell,800,8.04
2023-10-09,603979.SH,sell,200,37.05
2023-10-09,600706.SH,sell,200,15.54
2023-10-09,600576.SH,buy,1000,7.44
2023-10-09,600602.SH,buy,500,14.9
2023-10-09,603979.SH,buy,200,37.05
2023-10-09,600398.SH,buy,300,7.66
2023-10-09,600282.SH,buy,100,3.7
2023-11-01,603979.SH,sell,200,36.0
2023-11-01,600576.SH,sell,1000,7.22
2023-11-01,600602.SH,sell,500,12.59
2023-11-01,600398.SH,sell,300,7.43
2023-11-01,600282.SH,sell,100,3.81
2023-11-01,002515.SZ,buy,1400,5.12
2023-11-01,603778.SH,buy,1400,5.27
2023-11-01,000029.SZ,buy,600,12.0
2023-11-01,002521.SZ,buy,400,8.05
2023-12-01,002515.SZ,sell,1400,5.63
2023-12-01,603778.SH,sell,1400,5.52
2023-12-01,000029.SZ,sell,600,12.73
2023-12-01,002521.SZ,sell,400,8.24
2023-12-01,603198.SH,buy,100,74.8
2023-12-01,000158.SZ,buy,800,9.36
2023-12-01,002902.SZ,buy,300,24.63
2023-12-01,002027.SZ,buy,400,6.52
2024-01-02,603198.SH,sell,100,66.1
2024-01-02,000158.SZ,sell,800,8.53
2024-01-02,002902.SZ,sell,300,22.88
2024-01-02,002027.SZ,sell,400,6.32
2024-01-02,002195.SZ,buy,2400,3.07
2024-01-02,003001.SZ,buy,400,18.1
2024-01-02,002221.SZ,buy,700,10.31
2024-01-02,600282.SH,buy,800,3.7
2024-02-01,600282.SH,sell,800,3.7
2024-02-01,002195.SZ,sell,2400,2.45
2024-02-01,003001.SZ,sell,400,14.67
2024-02-01,002221.SZ,sell,700,9.63
2024-02-01,601728.SH,buy,1100,5.7
2024-02-01,601811.SH,buy,500,12.62
2024-02-01,600593.SH,buy,300,20.12
2024-02-01,002078.SZ,buy,200,12.06
2024-03-01,601728.SH,sell,1100,5.84
2024-03-01,601811.SH,sell,500,13.55
2024-03-01,600593.SH,sell,300,17.89
2024-03-01,002078.SZ,sell,200,14.21
2024-03-01,002322.SZ,buy,400,10.87
2024-03-01,600707.SH,buy,600,6.91
2024-03-01,603367.SH,buy,300,14.11
2024-03-01,601989.SH,buy,400,4.69
2024-04-01,002322.SZ,sell,400,13.6
2024-04-01,600707.SH,sell,600,7.64
2024-04-01,603367.SH,sell,300,14.41
2024-04-01,601989.SH,sell,400,4.67
2024-04-01,600398.SH,buy,500,8.98
2024-04-01,601868.SH,buy,2100,2.14
2024-04-01,600707.SH,buy,600,7.64
2024-04-01,600805.SH,buy,400,4.23
2024-05-06,600398.SH,sell,500,9.11
2024-05-06,600707.SH,sell,600,8.18
2024-05-06,601868.SH,sell,2100,2.22
2024-05-06,600805.SH,sell,400,4.17
2024-05-06,000848.SZ,buy,500,9.3
2024-05-06,600538.SH,buy,1000,4.71
2024-05-06,000725.SZ,buy,1000,4.45
2024-05-06,600461.SH,buy,200,10.31
2024-06-03,000848.SZ,sell,500,8.72
2024-06-03,600538.SH,sell,1000,4.57
2024-06-03,000725.SZ,sell,1000,4.08
2024-06-03,600461.SH,sell,200,11.35
2024-06-03,000725.SZ,buy,1100,4.08
2024-06-03,600050.SH,buy,1000,4.57
2024-06-03,600160.SH,buy,200,23.23
2024-06-03,000848.SZ,buy,200,8.72
2024-06-03,600103.SH,buy,100,2.05
2024-07-01,000848.SZ,sell,200,7.84
2024-07-01,000725.SZ,sell,1100,4.09
2024-07-01,600050.SH,sell,1000,4.7
2024-07-01,600160.SH,sell,200,24.13
2024-07-01,600103.SH,sell,100,1.7
2024-07-01,601500.SH,buy,800,5.37
2024-07-01,000933.SZ,buy,200,20.19
2024-07-01,603156.SH,buy,200,21.12
2024-07-01,600873.SH,buy,200,10.01
2024-08-01,603156.SH,sell,200,21.02
2024-08-01,601500.SH,sell,800,4.71
2024-08-01,000933.SZ,sell,200,16.77
2024-08-01,600873.SH,sell,200,10.26
2024-08-01,603766.SH,buy,800,6.65
2024-08-01,603299.SH,buy,600,9.37
2024-08-01,600737.SH,buy,600,8.77
2024-08-01,600019.SH,buy,400,6.8
2024-09-02,603766.SH,sell,800,7.09
2024-09-02,603299.SH,sell,600,9.78
2024-09-02,600737.SH,sell,600,8.28
2024-09-02,600019.SH,sell,400,5.95
2024-09-02,601728.SH,buy,1100,6.07
2024-09-02,601918.SH,buy,800,8.1
2024-09-02,000901.SZ,buy,700,9.4
2024-09-02,600598.SH,buy,200,12.83
2024-09-02,601212.SH,buy,100,2.63
2024-10-08,601728.SH,sell,1100,7.32
2024-10-08,601918.SH,sell,800,9.59
2024-10-08,000901.SZ,sell,700,12.5
2024-10-08,600598.SH,sell,200,16.33
2024-10-08,601212.SH,sell,100,3.54
2024-10-08,600764.SH,buy,100,27.63
2024-10-08,003816.SZ,buy,600,4.92
2024-10-08,600686.SH,buy,200,14.81
2024-10-08,002861.SZ,buy,100,14.66
2024-11-01,600764.SH,sell,100,31.81
2024-11-01,003816.SZ,sell,600,4.02
2024-11-01,600686.SH,sell,200,15.88
2024-11-01,002861.SZ,sell,100,12.5
2024-11-01,603390.SH,buy,300,9.48
2024-11-01,601985.SH,buy,300,10.03
2024-11-01,000839.SZ,buy,800,3.79
2024-11-01,600377.SH,buy,100,12.59
2024-12-02,603390.SH,sell,300,9.5
2024-12-02,601985.SH,sell,300,9.41
2024-12-02,000839.SZ,sell,800,3.5
2024-12-02,600377.SH,sell,100,14.38
2024-12-02,601777.SH,buy,400,7.25
2024-12-02,600577.SH,buy,500,6.18
2024-12-02,002979.SZ,buy,100,30.06
2024-12-02,600198.SH,buy,100,10.4
2024-12-02,601518.SH,buy,100,2.75
2025-01-02,601777.SH,sell,400,7.47
2025-01-02,600577.SH,sell,500,7.28
2025-01-02,002979.SZ,sell,100,30.53
2025-01-02,600198.SH,sell,100,8.58
2025-01-02,601518.SH,sell,100,2.78
2025-01-02,600651.SH,buy,800,4.14
2025-01-02,002467.SZ,buy,600,5.48
2025-01-02,603920.SH,buy,100,29.21
2025-01-02,600377.SH,buy,100,15.4
2025-02-05,600377.SH,sell,100,14.7
2025-02-05,600651.SH,sell,800,3.96
2025-02-05,002467.SZ,sell,600,5.88
2025-02-05,603920.SH,sell,100,32.58
2025-02-05,603766.SH,buy,300,10.18
2025-02-05,002444.SZ,buy,100,32.12
2025-02-05,002195.SZ,buy,700,4.21
2025-02-05,002583.SZ,buy,100,11.96
2025-02-05,002659.SZ,buy,100,4.52
2025-03-03,002195.SZ,sell,700,5.08
2025-03-03,603766.SH,sell,300,10.66
2025-03-03,002444.SZ,sell,100,30.93
2025-03-03,002583.SZ,sell,100,13.12
2025-03-03,002659.SZ,sell,100,4.89
2025-03-03,002347.SZ,buy,400,7.97
2025-03-03,003010.SZ,buy,100,30.5
2025-03-03,000981.SZ,buy,1400,2.24
2025-03-03,002148.SZ,buy,300,7.44
2025-04-01,002347.SZ,sell,400,7.68
2025-04-01,003010.SZ,sell,100,43.84
2025-04-01,000981.SZ,sell,1400,2.06
2025-04-01,002148.SZ,sell,300,6.85
2025-04-01,000679.SZ,buy,1100,6.65
2025-04-01,002225.SZ,buy,1400,5.27
2025-04-01,603881.SH,buy,200,34.45
2025-04-01,600689.SH,buy,300,11.08
2025-05-06,000679.SZ,sell,1100,6.16
2025-05-06,002225.SZ,sell,1400,5.31
2025-05-06,603881.SH,sell,200,33.0
2025-05-06,600689.SH,sell,300,11.21
2025-05-06,000833.SZ,buy,600,12.02
2025-05-06,600708.SH,buy,2300,3.26
2025-05-06,002517.SZ,buy,400,17.24
2025-05-06,600126.SH,buy,300,11.09
2025-06-03,000833.SZ,sell,600,11.66
2025-06-03,600708.SH,sell,2300,3.58
2025-06-03,002517.SZ,sell,400,15.86
2025-06-03,600126.SH,sell,300,8.69
2025-06-03,600689.SH,buy,600,12.0
2025-06-03,002354.SZ,buy,1200,6.24
2025-06-03,600576.SH,buy,700,10.18
2025-06-03,000759.SZ,buy,400,7.94
2025-07-01,600576.SH,sell,700,8.09
2025-07-01,600689.SH,sell,600,12.28
2025-07-01,002354.SZ,sell,1200,6.36
2025-07-01,000759.SZ,sell,400,7.77
2025-07-01,002640.SZ,buy,1500,4.98
2025-07-01,600082.SH,buy,1900,3.93
2025-07-01,002164.SZ,buy,800,9.24
2025-07-01,000558.SZ,buy,500,4.47
2025-07-01,603023.SH,buy,100,3.86
2025-08-01,002640.SZ,sell,1500,5.24
2025-08-01,600082.SH,sell,1900,4.02
2025-08-01,002164.SZ,sell,800,8.89
2025-08-01,000558.SZ,sell,500,6.54
2025-08-01,603023.SH,sell,100,3.94
2025-08-01,601086.SH,buy,700,10.56
2025-08-01,002164.SZ,buy,800,8.89
2025-08-01,000558.SZ,buy,1100,6.54
2025-08-01,600770.SH,buy,600,5.4
2025-09-01,002164.SZ,sell,800,12.07
2025-09-01,000558.SZ,sell,1100,6.21
2025-09-01,601086.SH,sell,700,11.91
2025-09-01,600770.SH,sell,600,6.1
2025-09-01,603023.SH,buy,1800,4.16
2025-09-01,002181.SZ,buy,1000,7.21
2025-09-01,603969.SH,buy,700,9.6
2025-09-01,601086.SH,buy,300,11.91
2025-10-09,603023.SH,sell,1800,4.21
2025-10-09,601086.SH,sell,300,10.8
2025-10-09,002181.SZ,sell,1000,8.05
2025-10-09,603969.SH,sell,700,10.78
2025-10-09,603023.SH,buy,1700,4.21
2025-10-09,601929.SH,buy,2000,3.72
2025-10-09,603269.SH,buy,500,14.2
2025-10-09,002210.SZ,buy,800,4.04
2025-11-03,603023.SH,sell,1700,4.25
2025-11-03,601929.SH,sell,2000,3.72
2025-11-03,603269.SH,sell,500,12.34
2025-11-03,002210.SZ,sell,800,4.29
2025-11-03,603001.SH,buy,800,8.97
2025-11-03,603101.SH,buy,700,10.57
2025-11-03,002565.SZ,buy,1100,6.81
2025-11-03,605566.SH,buy,100,28.0
2025-12-01,603001.SH,sell,800,9.99
2025-12-01,603101.SH,sell,700,9.73
2025-12-01,002565.SZ,sell,1100,8.83
2025-12-01,605566.SH,sell,100,29.85
2025-12-01,002545.SZ,buy,400,17.79
2025-12-01,002602.SZ,buy,400,17.86
2025-12-01,002860.SZ,buy,400,15.46
2025-12-01,600689.SH,buy,300,15.1
2026-01-05,600689.SH,sell,300,13.43
2026-01-05,002545.SZ,sell,400,18.68
2026-01-05,002602.SZ,sell,400,17.51
2026-01-05,002860.SZ,sell,400,13.95
2026-01-05,600601.SH,buy,600,11.81
2026-01-05,000572.SZ,buy,900,8.01
2026-01-05,002895.SZ,buy,200,37.37
2026-01-05,000753.SZ,buy,400,7.99
2026-02-02,600601.SH,sell,600,11.33
2026-02-02,000572.SZ,sell,900,6.86
2026-02-02,002895.SZ,sell,200,40.31
2026-02-02,000753.SZ,sell,400,7.2
2026-02-02,000753.SZ,buy,1000,7.2
2026-02-02,002436.SZ,buy,300,23.01
2026-02-02,000890.SZ,buy,1400,5.18
2026-02-02,002627.SZ,buy,400,9.02
2026-03-02,000753.SZ,sell,1000,7.35
2026-03-02,002436.SZ,sell,300,25.5
2026-03-02,000890.SZ,sell,1400,7.07
2026-03-02,002627.SZ,sell,400,8.56
2026-03-02,605389.SH,buy,100,74.0
2026-03-02,000547.SZ,buy,200,30.68
2026-03-02,603023.SH,buy,1400,5.2
2026-03-02,002266.SZ,buy,800,5.14
2026-04-01,603023.SH,sell,1400,5.39
2026-04-01,605389.SH,sell,100,72.22
2026-04-01,000547.SZ,sell,200,28.46
2026-04-01,002266.SZ,sell,800,4.23
2026-04-01,603023.SH,buy,1100,5.39
2026-04-01,603685.SH,buy,200,30.5
2026-04-01,600105.SH,buy,200,28.5
2026-04-01,000510.SZ,buy,200,15.25
2026-05-06,603023.SH,sell,1100,4.59
2026-05-06,603685.SH,sell,200,33.03
2026-05-06,600105.SH,sell,200,43.31
2026-05-06,000510.SZ,sell,200,14.11
2026-05-06,603115.SH,buy,100,56.67
2026-05-06,603077.SH,buy,1900,2.96
2026-05-06,002636.SZ,buy,100,45.58
2026-05-06,600288.SH,buy,200,15.48
2026-06-01,603115.SH,sell,100,100.0
2026-06-01,603077.SH,sell,1900,2.45
2026-06-01,002636.SZ,sell,100,53.0
2026-06-01,600288.SH,sell,200,13.33
2026-06-01,601858.SH,buy,200,24.78
2026-06-01,603876.SH,buy,200,26.98
2026-06-01,601208.SH,buy,100,49.8
2026-06-01,600295.SH,buy,200,13.59
2026-07-01,601858.SH,sell,200,17.31
2026-07-01,603876.SH,sell,200,26.0
2026-07-01,601208.SH,sell,100,70.79
2026-07-01,600295.SH,sell,200,10.72
2026-07-01,600282.SH,buy,1100,4.59
2026-07-01,002842.SZ,buy,100,48.72
2026-07-01,000703.SZ,buy,300,13.6
2026-07-01,002181.SZ,buy,300,9.96
2026-08-03,600282.SH,sell,1100,5.03
2026-08-03,002181.SZ,sell,300,8.61
2026-08-03,002842.SZ,sell,100,29.64
2026-08-03,000703.SZ,sell,300,15.74
2026-08-03,600881.SH,buy,3300,1.75
2026-08-03,002203.SZ,buy,300,18.22
2026-08-03,600525.SH,buy,1100,4.95
2026-08-03,002211.SZ,buy,700,3.72
2026-08-03,601996.SH,buy,100,2.25
2026-09-01,600881.SH,sell,3300,1.89
2026-09-01,002203.SZ,sell,300,19.36
2026-09-01,600525.SH,sell,1100,5.33
2026-09-01,002211.SZ,sell,700,3.94
2026-09-01,601996.SH,sell,100,2.7
2026-09-01,002211.SZ,buy,1400,3.94
2026-09-01,002333.SZ,buy,900,5.7
2026-09-01,002297.SZ,buy,300,18.5
2026-09-01,601179.SH,buy,200,12.66
