date,code,side,shares,price,reason,signal_date
2026-01-05,601208.SH,buy,900,27.39,rebalance,2025-12-31
2026-02-02,601208.SH,sell,900,29.0,rebalance,
2026-02-02,002195.SZ,buy,2500,9.88,rebalance,2026-01-31
2026-03-02,002195.SZ,sell,2500,10.76,rebalance,
2026-03-02,002008.SZ,buy,300,71.0,rebalance,2026-02-28
2026-03-18,002008.SZ,sell,300,64.02,hard_stop,2026-03-17
2026-04-01,002384.SZ,buy,200,107.5,rebalance,2026-03-31
2026-05-06,002384.SZ,sell,200,191.8,rebalance,
2026-05-06,002436.SZ,buy,800,29.65,rebalance,2026-04-30
2026-06-01,002436.SZ,sell,800,38.5,rebalance,
2026-06-01,002185.SZ,buy,1200,19.65,rebalance,2026-05-31
2026-06-09,002185.SZ,sell,1200,17.39,hard_stop,2026-06-08
2026-07-01,002851.SZ,buy,100,165.0,rebalance,2026-06-30
2026-07-03,002851.SZ,sell,100,146.76,hard_stop,2026-07-02
2026-08-03,601288.SH,buy,3600,6.82,rebalance,2026-07-31
2026-09-01,601288.SH,sell,3600,6.9,rebalance,
2026-09-01,603259.SH,buy,100,154.7,rebalance,2026-08-31
