date,cash,stock_value,receivable,equity,profit,return,budget_return,target_hit,month
2026-01-30,35150.0,0.0,0,35150.0,10150.0,0.4059999999999999,0.406,True,2026-01
2026-02-27,35150.0,0.0,0,35150.0,0.0,0.0,0.0,False,2026-02
2026-03-31,10832.0,22850.0,0,33682.0,-1468.0,-0.04176386913229013,-0.05872,False,2026-03
2026-04-30,1046.0,22060.0,0,23106.0,-10576.0,-0.3139956059616412,-0.42304,False,2026-04
2026-05-29,25776.0,0.0,0,25776.0,2670.0,0.11555440145416784,0.1068,False,2026-05
2026-06-30,25776.0,0.0,0,25776.0,0.0,0.0,0.0,False,2026-06
2026-07-31,25776.0,0.0,0,25776.0,0.0,0.0,0.0,False,2026-07
2026-08-31,25776.0,0.0,0,25776.0,0.0,0.0,0.0,False,2026-08
2026-09-24,25776.0,0.0,0,25776.0,0.0,0.0,0.0,False,2026-09
