holding_month,full,vol_target
2019-02-28,0.15594375871082672,0.12785150997713568
2019-03-31,0.0910691614832285,0.04061703740870631
2019-04-30,-0.04369345341640034,-0.018645972023655234
2019-05-31,-0.04771113649697809,-0.024511770415520173
2019-06-30,0.0018329977511222673,0.0008363917975687335
2019-07-31,-0.007584863152465293,-0.0036406898925748807
2019-08-31,-0.015441370879766492,-0.007280681890475123
2019-09-30,0.0020118499494597986,0.0016844143515414053
2019-10-31,0.030307046600654884,0.030307046600654884
2019-11-30,-0.03486758040575466,-0.03486758040575466
2019-12-31,0.06911831144803693,0.06911831144803693
2020-01-31,-0.02454726944900325,-0.02454726944900325
2020-02-29,0.02385379378183188,0.02385379378183188
2020-03-31,-0.07689024716865327,-0.07689024716865327
2020-04-30,0.06375814775160486,0.06375814775160486
2020-05-31,0.006298467148745446,0.006000820100288356
2020-06-30,0.12383947637298269,0.12236038331415414
2020-07-31,0.16992840998925057,0.16992840998925057
2020-08-31,0.038858045043162016,0.026391014853932797
2020-09-30,-0.057928426143148526,-0.040127119139799244
2020-10-31,0.01400405373648741,0.009089569800623995
2020-11-30,0.04463632974147132,0.028572709853875555
2020-12-31,0.11633952852182976,0.07496897796089247
2021-01-31,0.009434598751794976,0.006250301841914182
2021-02-28,0.008523379227012563,0.008523379227012563
2021-03-31,-0.061267615627459616,-0.061267615627459616
2021-04-30,0.05940954082150185,0.05940954082150185
2021-05-31,0.028228055261679773,0.028228055261679773
2021-06-30,-0.006402284725081886,-0.006402284725081886
2021-07-31,0.03201247885060985,0.03201247885060985
2021-08-31,0.1438025801399331,0.1438025801399331
2021-09-30,-0.0635352284584764,-0.0635352284584764
2021-10-31,-0.013762977656335851,-0.013762977656335851
2021-11-30,0.018645227160643672,0.018645227160643672
2021-12-31,-0.021560205941416145,-0.021560205941416145
2022-01-31,-0.07593111597960962,-0.07593111597960962
2022-02-28,0.08446799871017308,0.07087325495019468
2022-03-31,-0.087998603666534,-0.07904924402999457
2022-04-30,-0.11989822370649486,-0.09470218826927884
2022-05-31,0.07173063355998228,0.048891937910971475
2022-06-30,0.07300833598987948,0.044183783406268
2022-07-31,0.014902884732763022,0.008261705519664632
2022-08-31,-0.04114171325493123,-0.025796441463935255
2022-09-30,-0.05534599866144672,-0.03606018734810764
2022-10-31,-0.009677160062105283,-0.006182768975348178
2022-11-30,0.06366639160756109,0.047809865047234765
2022-12-31,-0.020846128456398615,-0.01390100381567584
2023-01-31,0.0513146136192165,0.04006259342423747
2023-02-28,0.02836249562240194,0.019649447189070347
2023-03-31,-0.018508626751270674,-0.013062537213074286
2023-04-30,-0.03416788354419753,-0.03018632501165759
2023-05-31,-0.04247285852710747,-0.0391915518022932
2023-06-30,0.026650394255082487,0.026650394255082487
2023-07-31,0.05739817188343599,0.05739817188343599
2023-08-31,-0.04335075295828592,-0.04335075295828592
2023-09-30,-0.03474971352496492,-0.03474971352496492
2023-10-31,-0.0404396938304987,-0.0404396938304987
2023-11-30,0.0075178635193105855,0.0075178635193105855
2023-12-31,-0.025092037834379854,-0.025092037834379854
2024-01-31,-0.07460170745100558,-0.07460170745100558
2024-02-29,0.12750096225495328,0.12569586301716446
2024-03-31,0.009636344580584044,0.006464253936312014
2024-04-30,-0.02687219753717094,-0.017532281839423187
2024-05-31,-0.024835859720705723,-0.016428877947684908
2024-06-30,-0.05313718113190204,-0.03526032787424246
2024-07-31,-0.018186482930014923,-0.011129545166062632
2024-08-31,-0.05577952460966347,-0.04670976479289401
2024-09-30,0.2016022225156911,0.2016022225156911
2024-10-31,0.03644179765879241,0.0148531176164935
2024-11-30,0.004203725552315118,0.0017170419899715285
2024-12-31,-0.003331385449076918,-0.0013747883687633708
2025-01-31,-0.023521520965307595,-0.010437931962351222
2025-02-28,0.08723358204852297,0.0379526394207059
2025-03-31,-0.02309628034310285,-0.010736519720887093
2025-04-30,-0.04026710257777959,-0.04026710257777959
2025-05-31,0.016792626216324956,0.016792626216324956
2025-06-30,0.046307944571363044,0.046307944571363044
2025-07-31,0.03477094209153675,0.03477094209153675
2025-08-31,0.10747365355501341,0.10747365355501341
2025-09-30,0.022718446757908996,0.022718446757908996
2025-10-31,-0.016243789481083293,-0.016243789481083293
2025-11-30,0.01577927375477106,0.01577927375477106
2025-12-31,0.03200534129982764,0.03200534129982764
2026-01-31,0.08080049754554927,0.08080049754554927
2026-02-28,0.07280044063742816,0.07280044063742816
2026-03-31,-0.11898970308048881,-0.11898970308048881
2026-04-30,0.12435362433404781,0.10400041525304513
2026-05-31,-0.0016189411504037299,-0.0012407884836321294
2026-06-30,-0.061771339132077,-0.044638579703804145
2026-07-31,0.004558286517351129,0.0031088974678481654
2026-08-31,0.07445637135010046,0.05817239881488257
