date,code,reason,close,entry,peak,phase
2023-03-20,603711.SH,hard_stop,18.07,19.67,21.26,advance
2023-04-17,000070.SZ,hard_stop,9.19,10.02,10.8,advance
2023-05-12,603019.SH,hard_stop,45.66,49.99,52.98,advance
2023-05-31,002546.SZ,trailing_profit,5.7,5.35,7.33,advance
2023-07-10,000063.SZ,hard_stop,42.4,46.1,46.1,advance
2023-07-12,601138.SH,hard_stop,22.53,25.4,25.4,advance
2023-08-07,000656.SZ,hard_stop,2.29,2.54,2.6,advance
2023-08-11,000625.SZ,hard_stop,14.6,15.88,15.88,advance
2023-09-05,603000.SH,hard_stop,36.79,40.64,40.64,advance
2023-09-06,002310.SZ,hard_stop,2.57,2.81,2.81,advance
2023-10-18,002642.SZ,hard_stop,10.03,11.2,11.94,advance
2023-11-02,603220.SH,trailing_profit,36.54,33.05,44.6,advance
2023-12-08,000625.SZ,hard_stop,18.34,20.44,20.44,advance
2023-12-08,600520.SH,hard_stop,28.99,32.38,35.79,advance
2023-12-20,605577.SH,hard_stop,26.99,29.54,29.99,advance
2023-12-20,600825.SH,hard_stop,5.04,5.58,5.58,advance
2023-12-20,600725.SH,hard_stop,3.31,3.9,4.04,advance
2024-01-03,600630.SH,hard_stop,13.4,14.7,14.7,advance
2024-01-16,002610.SZ,hard_stop,2.43,2.67,2.67,advance
2024-01-17,002176.SZ,hard_stop,12.3,13.39,13.56,advance
2024-01-24,603099.SH,trailing_profit,32.79,31.0,39.06,advance
2024-02-05,002523.SZ,hard_stop,2.66,3.14,3.27,advance
2024-02-07,603099.SH,hard_stop,22.36,25.3,26.5,advance
2024-04-22,601138.SH,hard_stop,20.84,22.9,23.31,advance
2024-05-20,000100.SZ,hard_stop,4.47,4.86,4.94,range
2024-06-26,000933.SZ,hard_stop,20.87,22.98,23.27,range
2024-07-04,002600.SZ,hard_stop,6.42,7.0,7.0,advance
2024-08-20,600171.SH,hard_stop,21.64,23.68,25.09,advance
2024-08-20,600686.SH,trailing_profit,15.79,15.7,19.79,advance
2024-09-04,002600.SZ,hard_stop,7.44,8.59,8.59,advance
2024-10-08,601298.SH,hard_stop,9.03,9.99,9.99,range
2024-11-04,600198.SH,hard_stop,13.12,15.56,15.56,advance
2024-11-14,603399.SH,hard_stop,12.08,14.35,14.35,advance
2024-11-14,600467.SH,hard_stop,2.33,2.63,2.63,advance
2024-11-18,601698.SH,hard_stop,21.55,25.25,28.29,advance
2024-12-12,603825.SH,trailing_profit,15.52,12.97,18.38,advance
2024-12-23,600712.SH,trailing_profit,6.12,6.53,7.85,advance
2024-12-23,600880.SH,hard_stop,5.27,6.03,6.03,advance
2024-12-24,000681.SZ,hard_stop,25.1,28.0,30.99,advance
2024-12-31,600539.SH,hard_stop,6.94,7.59,7.98,advance
2025-03-24,002261.SZ,hard_stop,30.41,33.89,40.38,advance
2025-03-25,002031.SZ,hard_stop,8.88,9.96,10.99,advance
2025-04-07,601020.SH,hard_stop,16.96,20.25,20.25,advance
2025-04-07,002195.SZ,hard_stop,4.91,5.59,5.6,advance
2025-04-16,000524.SZ,hard_stop,14.26,16.12,16.12,advance
2025-04-21,600965.SH,hard_stop,5.48,6.26,6.28,advance
2025-04-29,601069.SH,hard_stop,16.38,18.05,20.25,advance
2025-04-30,600505.SH,hard_stop,15.61,17.47,17.47,advance
2025-05-23,002517.SZ,hard_stop,15.77,17.24,17.29,range
2025-08-07,600117.SH,hard_stop,3.86,4.2,4.99,advance
2025-08-29,002017.SZ,trailing_profit,28.46,24.5,34.87,advance
2025-09-18,601929.SH,trailing_profit,5.02,4.81,6.25,advance
2025-09-26,600601.SH,trailing_profit,10.1,8.71,12.01,advance
2025-10-10,002558.SZ,hard_stop,41.3,45.17,45.17,advance
2025-10-14,002164.SZ,hard_stop,13.24,14.76,14.76,advance
2025-10-17,000981.SZ,hard_stop,4.0,4.46,4.74,advance
2025-11-21,603993.SH,hard_stop,15.18,16.85,16.85,advance
2025-12-11,600370.SH,hard_stop,2.16,2.36,2.38,range
2025-12-16,000681.SZ,hard_stop,20.96,23.63,24.1,range
2026-03-26,603169.SH,hard_stop,10.08,11.05,12.8,range
2026-04-02,600821.SH,hard_stop,8.28,9.0,9.04,advance
2026-04-03,601016.SH,hard_stop,3.81,4.36,4.36,advance
2026-05-15,600330.SH,trailing_profit,29.52,27.1,35.07,advance
2026-05-26,600010.SH,hard_stop,2.48,2.72,2.88,advance
2026-06-05,601991.SH,hard_stop,7.93,8.63,9.18,advance
2026-06-08,600584.SH,hard_stop,70.3,80.1,80.13,advance
2026-06-23,605006.SH,trailing_profit,21.0,21.5,26.0,advance
2026-07-06,000725.SZ,hard_stop,7.76,8.49,9.1,advance
2026-07-17,600129.SH,hard_stop,14.96,17.4,17.98,advance
2026-07-30,600744.SH,hard_stop,6.59,7.24,7.61,advance
2026-09-10,000725.SZ,hard_stop,5.46,6.01,6.01,advance
