month,candidates,liquid_qualifies,routed
2022-12-31,3058,65,False
2023-01-31,3633,152,False
2023-02-28,3544,139,False
2023-03-31,3441,198,False
2023-04-30,3574,136,False
2023-05-31,3320,124,True
2023-06-30,3666,129,True
2023-07-31,3822,81,True
2023-08-31,3782,95,True
2023-09-30,4013,91,True
2023-10-31,4254,141,True
2023-11-30,4249,149,True
2023-12-31,4333,111,True
2024-01-31,4524,43,True
2024-02-29,4588,113,True
2024-03-31,4309,141,True
2024-04-30,4492,178,False
2024-05-31,3947,129,False
2024-06-30,3764,106,True
2024-07-31,4204,154,True
2024-08-31,4252,61,True
2024-09-30,4817,337,False
2024-10-31,4743,297,False
2024-11-30,4764,235,False
2024-12-31,4596,170,False
2025-01-31,4523,196,True
2025-02-28,4734,269,True
2025-03-31,4703,146,True
2025-04-30,4644,127,False
2025-05-31,4645,181,False
2025-06-30,4750,266,False
2025-07-31,4800,289,False
2025-08-31,4821,359,False
2025-09-30,4719,294,False
2025-10-31,4818,221,False
2025-11-30,4735,186,False
2025-12-31,4736,252,False
2026-01-31,4868,293,False
2026-02-28,4840,270,False
2026-03-31,4828,117,True
2026-04-30,4806,277,True
2026-05-31,4834,222,False
2026-06-30,4751,240,False
2026-07-31,4751,26,True
2026-08-31,4795,157,True
