month,mom1,mom3,mom6,vol,breadth,amount_ratio
2016-06-30,0.03273717948717958,-0.015947824431114865,-0.1873529943911706,0.13686842603532584,0.4482758620689655,1.0769611185040306
2016-07-31,0.013490260857595082,0.011492343973162455,0.1244127051290751,0.06760037745588854,0.5862068965517241,1.1155948609675244
2016-08-31,0.04035952260113618,0.0769066035121313,0.21732524082821225,0.06616008982667326,1.0,0.8974109760192515
2016-09-30,-0.009813599873859435,0.04776599228044409,0.03726799101687628,0.03379078215582682,0.7586206896551724,0.8025868588581102
2016-10-31,0.028547554169529255,0.05837574388019395,0.08468584709251115,0.03314842336092209,0.9655172413793104,0.9673260214807183
2016-11-30,0.026981338659415544,0.04865151293670511,0.13149296862486093,0.03307532189732011,0.9310344827586207,1.1688443337769543
2016-12-31,-0.04474414470648913,0.013376644743442023,0.057716428729003066,0.037661526309226576,0.6896551724137931,0.8753211545353026
2017-01-31,-0.01495261793269198,-0.024480979973444783,0.032660026191515534,0.03767982453072046,0.3103448275862069,0.797384161046184
2017-02-28,0.03916715489657041,-0.021231999378954258,0.03190658345077524,0.037680287432219677,0.27586206896551724,0.967681392520738
2017-03-31,-0.0028093625206112582,0.02750937609695714,0.03297058326958635,0.03645308103927347,0.6896551724137931,1.0526552487524634
2017-04-30,-0.043328147311438414,-0.015015889889404499,-0.03390992027313933,0.040490277912375756,0.3793103448275862,1.0586277708537677
2017-05-31,-0.049877513236472826,-0.09647505045584248,-0.10538973900143,0.03969349336202921,0.10344827586206896,0.9060593518042144
2017-06-30,0.04050520280784542,-0.049496006224519884,-0.00755462217651115,0.04512606109525742,0.10344827586206896,0.8806262035213152
2017-07-31,-0.0029352203690642398,-0.027256511933015815,-0.02809451470615154,0.045941755773325516,0.3448275862068966,1.0268179507585593
2017-08-31,0.026930830626882063,0.05988167510923792,-0.02638884990392687,0.04404732746728148,0.896551724137931,1.1047239973478296
2017-09-30,0.012101264774679654,0.03684193248344925,-0.015762448857005062,0.04893046900399927,0.7586206896551724,1.1615022679348048
2017-10-31,0.001058276171363115,0.04021161892500813,0.017320596009716915,0.04502890264928552,0.8275862068965517,1.006696556723406
2017-11-30,-0.04767024205231596,-0.03566919824459447,0.03793891812613226,0.04319029618053434,0.3103448275862069,1.057349085162513
2017-12-31,-0.002705507375287075,-0.0550121791268503,0.0157207010605267,0.0387244048913891,0.2413793103448276,0.7914260013361886
2018-01-31,0.0011457253532654033,-0.07489523556125322,-0.02834746779482944,0.04152265840397031,0.27586206896551724,1.065572755775834
2018-02-28,-0.04067434425159855,-0.04861200116994813,-0.07375640890425172,0.038662095382026626,0.20689655172413793,0.9020866060253936
2018-03-31,-0.0009919385913708112,-0.0405538599081785,-0.08550127807598373,0.03872004663248172,0.13793103448275862,1.014612199036396
2018-04-30,-0.04494612835024425,-0.08242836916699503,-0.1341957328993274,0.0380365474431657,0.10344827586206896,0.992075745807804
2018-05-31,-0.028764591028852315,-0.052846956173036364,-0.11861369846316361,0.03917222929320167,0.3103448275862069,0.9181186559605801
2018-06-30,-0.08835756701207975,-0.14648749457590504,-0.18478282770617427,0.054594507032686285,0.06896551724137931,0.793440473403559
2018-07-31,-0.00895115902830279,-0.10978505100316172,-0.18319160376794863,0.051776359739421546,0.06896551724137931,0.8605849490060522
2018-08-31,-0.08067405089351887,-0.1781778695954246,-0.19869604879532088,0.055384421237237226,0.0,0.7387824813293997
2018-09-30,0.0014786389480541118,-0.07247238806532008,-0.20220295616994688,0.05322981588028326,0.10344827586206896,0.7410871423595252
2018-10-31,-0.10436378611702857,-0.1802366973550752,-0.25873188435413075,0.06134547934119471,0.0,0.8959933723058884
2018-11-30,0.04341004750002697,-0.08330660703514636,-0.22598317641328758,0.06734831814747173,0.034482758620689655,1.1246232404683072
2018-12-31,-0.03886766568700584,-0.11761940905890211,-0.17977167047782594,0.0601672866798294,0.0,0.8782126508703437
2019-01-31,0.0042042483585051915,-0.007544836116264664,-0.18004722439111576,0.0591749107677538,0.3793103448275862,1.0176324988186554
2019-02-28,0.1766479489736501,0.13481926005931766,0.04689636586850843,0.09788586412925497,1.0,1.7212259783159995
2019-03-31,0.08162951881756353,0.2980835060214946,0.14537192059315962,0.10506836581417674,1.0,1.9822248513929377
2019-04-30,-0.03965245925768801,0.25148719486402404,0.2500275676510155,0.08755655871981065,1.0,1.5091416295852131
2019-05-31,-0.06982403084804933,-0.016218185182187095,0.1318753002847577,0.09793203977967548,0.3448275862068966,0.8840894445350203
2019-06-30,0.018458713909328406,-0.07962082986332242,0.1848412659827896,0.09407593793478843,0.10344827586206896,0.7815303242989073
2019-07-31,-0.01876661566832072,-0.06524137266728902,0.1641246878210536,0.09484375938780293,0.13793103448275862,0.6571754012480766
2019-08-31,-0.01570424391057179,-0.02743284616999775,-0.050539864140150104,0.06067249860579243,0.27586206896551724,0.7707571291996209
2019-09-30,0.0022028740714929995,-0.04092736104046357,-0.11275175674616655,0.04060947125934933,0.27586206896551724,1.0729268508410177
2019-10-31,-0.0014657459304905363,-0.021128189620528093,-0.09004717597763456,0.0379480458137878,0.3448275862068966,0.9161467817240452
2019-11-30,-0.01427074695492847,-0.00954444232655649,-0.039526969306569515,0.02719726211089775,0.41379310344827586,0.8996843524485156
2019-12-31,0.0800722292086784,0.05225420869377939,0.03026741699455937,0.04233757356106932,0.896551724137931,1.1148362565833088
2020-01-31,-0.012041719612140511,0.05144742223560561,0.02981881569911793,0.04396599533023288,0.7586206896551724,1.3752752693528087
2020-02-29,0.008536711300815902,0.08812114684691386,0.03445444446233359,0.04209689586066199,0.7241379310344828,1.6419567888934117
2020-03-31,-0.062350741998245085,-0.047756021586330966,-0.014289672221985517,0.0520355363411014,0.20689655172413793,1.3364366467345064
2020-04-30,0.04024761249702391,-0.019167186885852505,0.04053482867448155,0.0570420844557985,0.3793103448275862,0.9195270855306843
2020-05-31,0.0011404842671658422,-0.018577334682715718,0.07682378453479544,0.059699421560350366,0.3793103448275862,0.8666883956940011
2020-06-30,0.06118699423312646,0.10704111487526946,0.05040124851823746,0.054574811435616426,0.8620689655172413,0.9598645957053885
2020-07-31,0.12005205936871421,0.2055266090673038,0.18320358680377402,0.07238657938603414,1.0,1.5311589254392681
2020-08-31,0.02199556332820829,0.22451301656653921,0.17066120517348016,0.06848355760541687,1.0,1.220884683765635
2020-09-30,-0.07354203757760891,0.06925308752920634,0.19532302120504297,0.07598517993388706,0.8620689655172413,0.9020585014292026
2020-10-31,0.013922428330522818,-0.04635984830750506,0.12008863325632935,0.07597897893455059,0.27586206896551724,0.8557538286768822
2020-11-30,0.030726796599982897,-0.03452602254279913,0.16294410538101212,0.07672590927239172,0.3103448275862069,0.9190711053166145
2020-12-31,-0.004273727911804248,0.046467679969223186,0.11555912767578014,0.07051057340484561,0.7241379310344828,0.8837955139705004
2021-01-31,0.0010011889118326511,0.05327552159354343,0.00940724904890633,0.04900541921037644,0.6551724137931034,1.2319549732937938
2021-02-28,0.01718694109332497,-0.006096376479146293,-0.021042452292373226,0.05447448398807814,0.4482758620689655,1.105964041004113
2021-03-31,-0.027818597564153058,0.002485716888559253,0.06744431705463305,0.05388081295167117,0.5517241379310345,0.9208797470424253
2021-04-30,0.011855124946704487,0.028655817688784557,0.053846671885917186,0.05157869657131549,0.5862068965517241,0.8593362388640557
2021-05-31,0.030720388199158455,0.044027064618344935,0.04788906922398284,0.055067965131523934,0.7241379310344828,0.9962076518367248
2021-06-30,-0.002627913441259788,0.06288925210182783,0.052231861679432834,0.0517811027372965,0.6896551724137931,1.0865113033834684
2021-07-31,-0.03898725927395219,0.0038364745802779154,0.046685455213821836,0.0568950382070312,0.5517241379310345,1.2880869446609813
2021-08-31,0.053703526869399054,0.015056416210136758,0.05279272646531208,0.06196126029909452,0.5172413793103449,1.3383632733123434
2021-09-30,-0.013587206274317642,-0.03148444276359341,0.019748930650400398,0.06586051125786957,0.3793103448275862,1.257304339048182
2021-10-31,-0.006222573408023124,0.019420071864293398,0.040410608030894135,0.06531020299116104,0.5862068965517241,0.8960367772826543
2021-11-30,0.014978765644826808,-0.0017836979822938304,0.033322489194590243,0.06570777824142862,0.4827586206896552,0.9653334582053285
2021-12-31,0.027221824045869925,0.055356936916157284,0.05484006642446393,0.07438479298183497,0.6896551724137931,0.9375535896680254
2022-01-31,-0.08503379762983643,-0.046724845073795596,-0.010748410373896622,0.07682792640958831,0.41379310344827586,0.9010042395693723
2022-02-28,0.02900589754461702,-0.018548422554689914,-0.015258189812029865,0.07340130565109372,0.3793103448275862,0.8505633668006115
2022-03-31,-0.08497280357210957,-0.12510193313186557,-0.10729603633603779,0.07402135651322093,0.10344827586206896,0.9701736688943021
2022-04-30,-0.10063276617840633,-0.10913851967251142,-0.15784074948158766,0.0783957992224205,0.034482758620689655,0.860705676993221
2022-05-31,0.0614929814600913,-0.09785311038279498,-0.12995758489408993,0.08397208938959323,0.034482758620689655,0.8594421185916574
2022-06-30,0.08126292568592297,0.042311443861545284,-0.0601225621399637,0.08858849753749645,0.6206896551724138,1.1340131734315004
2022-07-31,-0.02186301813772562,0.10051932628959759,-0.02773817784225907,0.082137338013457,0.9310344827586207,1.043298732642279
2022-08-31,-0.017003399955053955,0.02840338138196108,-0.08465228075070019,0.07766359167189273,0.6896551724137931,1.0324337293745651
2022-09-30,-0.0795709610784181,-0.12156244847107966,-0.08145121490986162,0.07777736145603888,0.034482758620689655,0.7846870710153078
2022-10-31,-0.034122072990647734,-0.12229326605916946,-0.01610784116886621,0.07283784815812822,0.06896551724137931,0.8694275979298519
2022-11-30,0.08148311465335656,-0.020384703808720928,-0.006195350821070478,0.07721040927278318,0.3448275862068966,0.9994166941270345
2022-12-31,-0.04003249097102202,0.027328622769788202,-0.07106073889567133,0.07192205162164006,0.6896551724137931,0.8980710954602057
2023-01-31,0.05538918401027315,0.12311368897961206,-0.014660761209169038,0.0793709526876268,0.9655172413793104,0.940659456392605
2023-02-28,0.013026644542350807,0.04223087269649173,0.03244241422878824,0.07639992143920257,0.8620689655172413,1.0918524427609568
2023-03-31,-0.028901879914990714,0.03781322947162069,0.06870462774485264,0.07011580517367665,0.8275862068965517,1.08699970598684
2023-04-30,-0.02670790702378345,-0.038468735267153886,0.06944418720945311,0.06572099779369261,0.2413793103448276,1.2521379237730053
2023-05-31,-0.04535302373832917,-0.0863210030227084,-0.03504865932037893,0.05654854062510164,0.20689655172413793,1.0179091611903157
2023-06-30,0.005838260590173672,-0.0673589602761625,-0.0304195949145033,0.050592991737851235,0.2413793103448276,1.0212683692059175
2023-07-31,0.03853362431000029,-0.007883644416102231,-0.04061210606956456,0.048669924712023305,0.4827586206896552,0.8915032013182027
2023-08-31,-0.05593396444239207,-0.020926545870788793,-0.1176289222487491,0.05178779139398885,0.3448275862068966,0.879027134497174
2023-09-30,-0.009126278879869387,-0.03657870124154117,-0.08744862759784433,0.05026737474489238,0.20689655172413793,0.7967916080460841
2023-10-31,-0.02543941610986722,-0.09492861481082293,-0.09187424010427436,0.048008748229191635,0.06896551724137931,0.9728765628507313
2023-11-30,0.00747769995529346,-0.03332321866982979,-0.04860311900592118,0.04474176029001775,0.2413793103448276,1.042750189017255
2023-12-31,-0.018324495381457417,-0.0431352032220963,-0.08145612526385149,0.04110986927794725,0.13793103448275862,0.9484879638348098
2024-01-31,-0.13224304126502773,-0.14258727385781556,-0.23046811827979286,0.053170933131368704,0.034482758620689655,0.9199644902642968
2024-02-29,0.07567864459780038,-0.08448924747777176,-0.11227292693276747,0.0637644316534073,0.1724137931034483,1.169091646236968
2024-03-31,0.023399310336116308,-0.039222470572766954,-0.07773956986798325,0.06883950251954575,0.27586206896551724,1.1749920362445347
2024-04-30,-0.0019076552018271187,0.10456498489596044,-0.05450703327976658,0.0687844033228798,0.9310344827586207,1.0442337635469159
2024-05-31,-0.016093064497984977,0.005023864637318853,-0.07681363630145421,0.06823454816353874,0.5172413793103449,0.9728343119470305
2024-06-30,-0.0866953862036397,-0.09401881807889023,-0.1335951338641549,0.08095894304798419,0.13793103448275862,0.8372497524242308
2024-07-31,-0.008412531088893616,-0.10894311739628637,-0.02007776941299977,0.06541020114929529,0.10344827586206896,0.768528607736846
2024-08-31,-0.04491199901880438,-0.13152747317882751,-0.13568203313298954,0.04755188998243113,0.0,0.7536500969111328
2024-09-30,0.21905641019778854,0.14219699025276022,0.034884038514465976,0.10637497634122474,1.0,1.0543457815979358
2024-10-31,0.018454522422092667,0.184176181753273,0.07046074753243681,0.10804816727870414,0.9655172413793104,2.126336620569263
2024-11-30,0.010531830245281482,0.26263363495367864,0.0889482239399948,0.10723494509131583,1.0,1.7351633567123603
2024-12-31,-0.02601359612657117,-0.0072425233403540235,0.15630418525914425,0.10000365142868259,0.4482758620689655,1.2660443074606986
2025-01-31,-0.027673190704617934,-0.029851500902653205,0.12904952250338675,0.1027225471735786,0.20689655172413793,0.8850714887866951
2025-02-28,0.0350564436497558,-0.039577926512771366,0.22810626104121212,0.09494536594219778,0.2413793103448276,1.1687483515669739
2025-03-31,0.0022775003500257185,-0.006960749303362768,0.015525158276373352,0.04265181054213201,0.4827586206896552,0.8957101737968055
2025-04-30,-0.02671566542801085,0.017345506048547676,-0.020095588367534,0.04019202805277337,0.5862068965517241,0.7855673505145643
2025-05-31,0.02203999512254584,0.002497906942071193,-0.010561310865694229,0.0403326706954187,0.5172413793103449,0.835830094623362
2025-06-30,0.014589103369263112,0.030844019780404075,0.04008122285520899,0.04137451935558845,0.6896551724137931,0.9565093481337814
2025-07-31,0.03838811824857946,0.09628961687040838,0.11657726495066822,0.03820054589709637,0.9655172413793104,1.122219943022057
2025-08-31,0.06748884305421643,0.12891271632806633,0.1476179651607965,0.040716586217561544,1.0,1.5069678893078566
2025-09-30,-0.0019415143812174795,0.10951243795991994,0.15272453239602823,0.04583659644202601,1.0,1.4386822483654609
2025-10-31,0.005457321075226007,0.07549676770946023,0.18453298350522918,0.04337158362617646,0.896551724137931,1.1792571406698718
2025-11-30,-0.015619265119693249,0.012841058301713115,0.1244310165837037,0.04574772412325995,0.6206896551724138,0.9794723017430887
2025-12-31,0.012243929394988529,0.020094282595362056,0.11586055111803151,0.04928546948425391,0.6896551724137931,0.917835665729398
2026-01-31,0.05932641109134629,0.05038916288184847,0.13520583206795922,0.04980855039886342,0.7931034482758621,1.3324990472634466
2026-02-28,0.026852141294154475,0.10132737114615198,0.12887848889103326,0.04232698663719305,0.896551724137931,1.0117635418322548
2026-03-31,-0.0904806843435112,-0.014555311415487604,0.028106636976557242,0.054289004864387765,0.3793103448275862,1.026600972077151
2026-04-30,0.04633183727002543,-0.02374851376448872,0.047251728207722055,0.057730602284435974,0.3793103448275862,1.0244211878058256
2026-05-31,-0.06771382504385481,-0.09880581952737366,-0.01248913297003873,0.06081819152505592,0.2413793103448276,1.2718147377170776
2026-06-30,-0.06343847275735204,-0.09445218978056635,-0.10250353727085049,0.0772323222637805,0.20689655172413793,1.1487119406712853
2026-07-31,-0.013043120097388616,-0.14540026190997624,-0.15463261187216626,0.07651095164402844,0.0,1.0110531681937764
2026-08-31,0.04450399427308027,-0.06259291069797701,-0.14709224247338248,0.07761673722345915,0.13793103448275862,0.8465832679612031
