month,candidates,known_ttm,known_report,known_assets,passed,report_passed
2022-12-31,3058,3024,3058,3058,2365,2508
2023-01-31,3633,3594,3633,3633,2798,2973
2023-02-28,3544,3505,3544,3544,2766,2921
2023-03-31,3441,3408,3441,3441,2709,2844
2023-04-30,3574,3502,3574,3574,2775,2870
2023-05-31,3320,3188,3320,3320,2552,2656
2023-06-30,3666,3522,3666,3666,2798,2917
2023-07-31,3822,3672,3822,3822,2893,3031
2023-08-31,3782,3633,3782,3782,2813,3084
2023-09-30,4013,3872,4013,4013,2975,3222
2023-10-31,4254,4111,4254,4254,3145,3409
2023-11-30,4249,4102,4249,4249,3127,3379
2023-12-31,4333,4192,4333,4333,3178,3426
2024-01-31,4524,4382,4524,4524,3340,3597
2024-02-29,4588,4442,4588,4588,3381,3644
2024-03-31,4309,4157,4309,4309,3192,3437
2024-04-30,4492,4410,4492,4492,3441,3488
2024-05-31,3947,3882,3947,3947,3018,3046
2024-06-30,3764,3704,3764,3764,2900,2920
2024-07-31,4204,4138,4204,4204,3214,3223
2024-08-31,4252,4178,4252,4252,3184,3320
2024-09-30,4817,4740,4817,4817,3549,3727
2024-10-31,4743,4674,4743,4743,3439,3643
2024-11-30,4764,4698,4764,4764,3433,3633
2024-12-31,4596,4534,4596,4596,3310,3505
2025-01-31,4523,4465,4523,4523,3270,3459
2025-02-28,4734,4674,4734,4734,3427,3625
2025-03-31,4703,4642,4703,4703,3428,3607
2025-04-30,4644,4621,4644,4644,3404,3547
2025-05-31,4645,4625,4645,4645,3355,3500
2025-06-30,4750,4731,4750,4750,3428,3573
2025-07-31,4800,4785,4800,4800,3472,3613
2025-08-31,4821,4808,4821,4821,3438,3662
2025-09-30,4719,4706,4719,4719,3358,3609
2025-10-31,4818,4807,4818,4818,3409,3678
2025-11-30,4735,4725,4735,4735,3341,3606
2025-12-31,4736,4731,4736,4736,3351,3614
2026-01-31,4868,4865,4868,4868,3450,3715
2026-02-28,4840,4839,4840,4840,3435,3697
2026-03-31,4828,4826,4828,4828,3431,3685
2026-04-30,4806,1145,4806,4806,804,3565
2026-05-31,4834,224,4834,4834,186,3520
2026-06-30,4751,225,4751,4751,186,3467
2026-07-31,4751,225,4751,4751,188,3488
2026-08-31,4795,223,4795,4795,180,3565
