date,equity,cash,dividend_receivable,holdings,return,profit,budget_return_pct,strategy,target_hit
2026-01-30,27439.0,1.0,0,2,0.09756,2439.0,9.756,dc_peer_forecast_2026_retry,False
2026-02-27,32350.0,31059.0,0,2,0.1789788257589561,4911.0,19.644,dc_peer_forecast_2026_retry,False
2026-03-31,31441.0,30944.0,0,1,-0.0280989180834621,-909.0,-3.636,dc_peer_forecast_2026_retry,False
2026-04-30,32908.0,6423.0,0,4,0.0466588212843102,1467.0,5.868,dc_peer_forecast_2026_retry,False
2026-05-29,32065.0,7928.0,0,3,-0.0256168712775008,-843.0,-3.372,dc_peer_forecast_2026_retry,False
2026-06-30,29362.0,29362.0,0,0,-0.084297520661157,-2703.0,-10.812,dc_peer_forecast_2026_retry,False
2026-07-31,28002.0,28002.0,0,0,-0.046318370683196,-1360.0,-5.44,dc_peer_forecast_2026_retry,False
2026-08-31,32217.0,3011.0,0,2,0.1505249625026783,4215.0,16.86,dc_peer_forecast_2026_retry,False
2026-09-24,32621.0,9194.0,0,1,0.0125399633733742,404.0,1.616,dc_peer_forecast_2026_retry,False
