date,ret_gross,ret_net,n_stocks,n_industries,turnover,cost
2019-02-28,0.16229705547115642,0.16069705547115642,25,5,1.0,0.0015999999999999999
2019-03-31,0.08865441807011283,0.08807841807011284,25,5,0.36,0.0005759999999999999
2019-04-30,-0.05694081368175551,-0.05770881368175551,25,5,0.48,0.0007679999999999999
2019-05-31,-0.09282115789156847,-0.09371715789156847,25,5,0.56,0.000896
2019-06-30,0.0057669740439457275,0.004422974043945728,25,5,0.84,0.001344
2019-07-31,-0.04741594793159178,-0.04869594793159178,25,5,0.8,0.0012799999999999999
2019-08-31,-0.039099871337294624,-0.039995871337294625,25,5,0.56,0.000896
2019-09-30,0.017434265916449265,0.016282265916449264,25,5,0.72,0.0011519999999999998
2019-10-31,0.005255655425348702,0.004167655425348703,25,5,0.6799999999999999,0.0010879999999999998
2019-11-30,-0.03472885990103121,-0.03549685990103121,25,5,0.48,0.0007679999999999999
2019-12-31,0.08136012808345551,0.08033612808345551,25,5,0.64,0.001024
2020-01-31,-0.01826130558306263,-0.019605305583062633,25,5,0.84,0.001344
2020-03-31,-0.013289124991966888,-0.014633124991966888,25,5,0.84,0.001344
2020-04-30,0.0359161659047015,0.034636165904701505,25,5,0.8,0.0012799999999999999
2020-06-30,0.061936264840767044,0.060592264840767046,25,5,0.84,0.001344
2020-07-31,0.1283765695439705,0.1273525695439705,25,5,0.64,0.001024
2020-08-31,0.009890410506207764,0.008802410506207763,25,5,0.6799999999999999,0.0010879999999999998
2020-09-30,-0.07864392070381988,-0.07909192070381989,25,5,0.28,0.000448
2020-10-31,0.004187954939105989,0.003547954939105989,25,5,0.4,0.0006399999999999999
2020-12-31,0.040747048302736594,0.0397230483027366,25,5,0.64,0.001024
2021-01-31,0.04431761913384636,0.04354961913384636,25,5,0.48,0.0007679999999999999
2021-03-31,0.016823009255735828,0.015543009255735828,25,5,0.8,0.0012799999999999999
2021-04-30,0.020034598631437264,0.019138598631437263,25,5,0.56,0.000896
2021-06-30,0.05931290865770613,0.05848090865770613,25,5,0.52,0.000832
2021-07-31,0.029389342131838758,0.028941342131838757,25,5,0.28,0.000448
2021-09-30,-0.04750458545452199,-0.04884858545452199,25,5,0.84,0.001344
2021-10-31,0.018320954237829982,0.017616954237829982,25,5,0.43999999999999995,0.0007039999999999999
2021-12-31,0.051313372588611704,0.05003337258861171,25,5,0.8,0.0012799999999999999
2022-01-31,-0.11301147303279184,-0.11333147303279184,25,5,0.19999999999999996,0.0003199999999999999
2022-03-31,-0.02098625538959517,-0.02226625538959517,25,5,0.8,0.0012799999999999999
2022-04-30,-0.08160674359687956,-0.08269474359687956,25,5,0.6799999999999999,0.0010879999999999998
2022-06-30,0.055949583707219676,0.05492558370721968,25,5,0.64,0.001024
2022-07-31,-0.042845813156760386,-0.043997813156760386,25,5,0.72,0.0011519999999999998
2022-09-30,-0.0844450850633112,-0.0855970850633112,25,5,0.72,0.0011519999999999998
2022-10-31,-0.025449353797793152,-0.026345353797793153,25,5,0.56,0.000896
2022-12-31,0.0014032790256199546,0.00031527902561995485,25,5,0.6799999999999999,0.0010879999999999998
2023-01-31,0.06740172562850523,0.06695372562850523,25,5,0.28,0.000448
2023-02-28,0.04465783457720967,0.043953834577209666,25,5,0.43999999999999995,0.0007039999999999999
2023-03-31,-0.026066698971570178,-0.027026698971570177,25,5,0.6,0.0009599999999999999
2023-04-30,0.042111375044525695,0.04115137504452569,25,5,0.6,0.0009599999999999999
2023-06-30,0.06812308106583548,0.06671508106583547,25,5,0.88,0.001408
2023-07-31,-0.006678375550089717,-0.007830375550089717,25,5,0.72,0.0011519999999999998
2023-09-30,-0.025096239553799134,-0.026504239553799134,25,5,0.88,0.001408
2023-10-31,0.004105308965508585,0.002953308965508585,25,5,0.72,0.0011519999999999998
2023-11-30,0.0033783656669031624,0.0024183656669031625,25,5,0.6,0.0009599999999999999
2023-12-31,-0.02736643743559331,-0.028006437435593307,25,5,0.4,0.0006399999999999999
2024-01-31,-0.09087955499791413,-0.09215955499791413,25,5,0.8,0.0012799999999999999
2024-02-29,0.015395633756684589,0.014307633756684588,25,5,0.6799999999999999,0.0010879999999999998
2024-03-31,0.02916734904102686,0.02871934904102686,25,5,0.28,0.000448
2024-04-30,0.019386272797650483,0.018426272797650484,25,5,0.6,0.0009599999999999999
2024-05-31,-0.022956628518785376,-0.024108628518785376,25,5,0.72,0.0011519999999999998
2024-06-30,-0.10541968533183507,-0.10593168533183507,25,5,0.31999999999999995,0.0005119999999999999
2024-07-31,-0.03633778871938632,-0.036849788719386316,25,5,0.31999999999999995,0.0005119999999999999
2024-08-31,-0.04555045327681567,-0.04689445327681567,25,5,0.84,0.001344
2024-09-30,0.1677376974102704,0.1665856974102704,25,5,0.72,0.0011519999999999998
2024-10-31,-0.01659234134383822,-0.01736034134383822,25,5,0.48,0.0007679999999999999
2024-11-30,0.007085179919565889,0.006253179919565889,25,5,0.52,0.000832
2024-12-31,-0.035112661797454,-0.035752661797454004,25,5,0.4,0.0006399999999999999
2025-01-31,0.017799403887755475,0.016775403887755475,25,5,0.64,0.001024
2025-03-31,-0.03945107397839887,-0.04047507397839887,25,5,0.64,0.001024
2025-04-30,-0.032849907898258854,-0.03387390789825885,25,5,0.64,0.001024
2025-06-30,0.07150102578769603,0.07047702578769603,25,5,0.64,0.001024
2025-07-31,0.02117190232632438,0.02021190232632438,25,5,0.6,0.0009599999999999999
2025-08-31,0.2033030054114474,0.2018310054114474,25,5,0.92,0.001472
2025-09-30,0.011660101131519461,0.010444101131519461,25,5,0.76,0.0012159999999999999
2025-10-31,0.10661881534352301,0.10546681534352301,25,5,0.72,0.0011519999999999998
2025-11-30,0.05414106689362459,0.05298906689362459,25,5,0.72,0.0011519999999999998
2025-12-31,0.05661313415152811,0.05578113415152811,25,5,0.52,0.000832
2026-01-31,0.0748803778007742,0.07411237780077419,25,5,0.48,0.0007679999999999999
2026-02-28,0.1014834692713228,0.0998834692713228,25,5,1.0,0.0015999999999999999
2026-03-31,-0.08206465367456055,-0.08283265367456055,25,5,0.48,0.0007679999999999999
2026-04-30,0.07871344835688711,0.07839344835688711,25,5,0.19999999999999996,0.0003199999999999999
2026-05-31,0.04148777623897201,0.04020777623897201,25,5,0.8,0.0012799999999999999
